question_formal,question_conversational,answer,context,page,chunck
لماذا تصدر الميزانية العامة؟,ليش يطلعون الميزانية العامة؟,"يعـرض تفاصيـل الميزانيـة المعتمـدة علـى جانب الايرادات، والنفقات بحسـب التصنيف الاقتصـادي، وبحسـب القطاعـات وأهـم المشـاريع والبرامـج، كمـا يعـرض مسـتويات عجـز أو فائـض الميزانيـة والديـن العـام. كمـا يسـتعرض هـذا البيـان أبرز التطـورات المالية والاقتصاديــة لعــام 2023م، والاطــار المالــي والافــاق المســتقبلية لالقتصــاد علــى المــدى المتوســط، وأهــم الاســتراتيجيات والممكنــات الاقتصاديــة، وأهــم التحديــات التـي تواجـه الاقتصـاد خـال العـام المالـي القـادم وعلـى المـدى المتوسـط.","تصــدر وزارة الماليــة بيــان الميزانيــة العامــة للدولــة للعــام المالــي 2024م، الــذي
يعـرض تفاصيـل الميزانيـة المعتمـدة علـى جانب الإيرادات، والنفقات بحسـب التصنيف
الاقتصـادي، وبحسـب القطاعـات وأهـم المشـاريع والبرامـج، كمـا يعـرض مسـتويات
عجـز أو فائـض الميزانيـة والديـن العـام. كمـا يسـتعرض هـذا البيـان أبرز التطـورات المالية
والاقتصاديــة لعــام 2023م، والإطــار المالــي والآفــاق المســتقبلية للاقتصــاد علــى
المــدى المتوســط، وأهــم الاســتراتيجيات والممكنــات الاقتصاديــة، وأهــم التحديــات
التـي تواجـه الاقتصـاد خـال العـام المالـي القـادم وعلـى المـدى المتوسـط. ",٣,6
ما الذي يعززه اصدار البيان؟,وش الفايدة من البيان اللي يطلعونه؟,مســتوى الافصــاح المالــي والشــفافية,"يعكــس البيــان وفقً ــا للتوجيهــات الكريمــة اســتمرار نهــج وزارة الماليــة فــي تعزيــز مســتوى الافصــاح المالــي والشــفافية، التــي تعــد إحــدى الركائــز فــي عمليــة تطويــر إعـداد وتنفيـذ الميزانيـة العامـة للدولـة، مـع رفـع كفـاءة إدارة الماليـة العامـة. ويتبـع تبويــب البيانــات الماليــة الــواردة فــي هــذه الوثيقــة دليــل إحصــاءات ماليــة الحكومــة )2014 GFSM )الصــادر مــن صنــدوق النقــد الدولــي وهــو تصنيــف عالمــي موحــد، ووفــق الاســاس النقــدي.",٣,8
هل تتبع الوثيقة أي تصنيف عالمي؟,هل فيه تصنيف عالمي للميزانية؟,GFSM 2014,"يعكــس البيــان وفقً ــا للتوجيهــات الكريمــة اســتمرار نهــج وزارة الماليــة فــي تعزيــز مســتوى الافصــاح المالــي والشــفافية، التــي تعــد إحــدى الركائــز فــي عمليــة تطويــر إعـداد وتنفيـذ الميزانيـة العامـة للدولـة، مـع رفـع كفـاءة إدارة الماليـة العامـة. ويتبـع تبويــب البيانــات الماليــة الــواردة فــي هــذه الوثيقــة دليــل إحصــاءات ماليــة الحكومــة )2014 GFSM )الصــادر مــن صنــدوق النقــد الدولــي وهــو تصنيــف عالمــي موحــد، ووفــق الاســاس النقــدي.",٣,9
لماذا اطلقت مناطق اقتصادية؟,وش السبب ورا انشاء مناطق اقتصادية؟,لتُ ســاهم فــي دعــم االقتصــاد المحلــي والمنشــآت الصغيــرة والمتوســطة فــي مناطــق المملكــة المختلفــة وتعزيــز االبتــكار.,"كمــا تواصــل الحكومــة دعــم تنويــع القاعــدة االقتصاديــة للمملكــة؛ عبــر إطــاق العديــد مــن
البرامــج والمبــادرات؛ لالســتفادة مــن كافــة المــوارد واغتنــام الفــرص المتاحــة لتنميــة وتطويــر
القطاعـات المختلفـة. إذ أطلقـت أربـع مناطـق اقتصاديـة خاصـة ترتكـز علـى المزايـا التنافسـية لـكل
منطقــة؛ لتســاهم فــي دعــم االقتصــاد المحلــي والمنشــآت الصغيــرة والمتوســطة فــي مناطــق
المملكــة المختلفــة وتعزيــز االبتــكار.",٤,11
ما دور صندوق الاستثمارات العامة في تحقيق رؤية ٢٠٣٠؟,وش دور صندوق الاستثمارات العامة في تحقيق رؤية ٢٠٣٠؟,"تطويــر ً مشـاريع كبـرى رائـدة محلي ً ـا وعالميـا، وإطـاق قطاعـات جديـدة تسـاهم فـي تحقيـق مسـتهدفات التنــوع االقتصــادي.","وتعــزز الممكنــات االقتصاديــة الداعمــة لنمــو القطــاع الخــاص دورهــا فــي تنامــي اقتصــاد المملكــة علــى المدييــن المتوســط والطويــل، حيــث تســعى المملكــة نحــو تحقيــق مســتهدفات رؤيـة السـعودية 2030؛ عبـر مجموعـة مـن األذرع االسـتثمارية، منهـا صنـدوق االسـتثمارات العامـة الــذي يعــد أحــد المحــركات األساســية لالقتصــاد واالســتثمار فــي المملكــة؛ وذلــك عبــر تطويــر ً مشـاريع كبـرى رائـدة محلي ً ـا وعالميـا، وإطـاق قطاعـات جديـدة تسـاهم فـي تحقيـق مسـتهدفات التنــوع االقتصــادي.",٤,12
ما نسبة التغير في الناتج المحلي للانشطة غير النفطية للنصف الأول من عام ٢٠٢٣ مقارنة بالسنة السابقة؟,كم تغير الناتج المحلي للأنشطة الغير نفطية في النصف الأول من ٢٠٢٣ مقارنة بالسنة اللي قبلها؟,٢.٥٠%,"أظهـرت البيانـات الفعليـة خـال النصـف األول مـن العـام 2023م نمـو الناتـج المحلـي اإلجمالي الحقيقـي بنسـبة 2.5 ً % مقارنـة بالفتـرة المماثلـة مـن العـام الماضـي، مدعومـا بنمـو األنشـطة غيـر النفطيـة بمعـدل ،%5.4 كانعـكاسٍ ناجـح لجهـود المملكـة فـي تعزيـز دور القطـاع الخـاص ليقـود
النمــو فــي اقتصــاد المملكــة.",٤,13
لماذا انخفض الناتج المحلي للانشطة النفطية في النصف الأول من عام ٢٠٢٣؟,ليش قل الناتج المحلي للأنشطة النفطية في النصف الأول من ٢٠٢٣؟,يعـزى ذلـك اللتـزام المملكـة بالخفـض الطوعـي لحصـص اإلنتـاج المتفـق عليهـا ضمـن اتفاقيـة أوبـك بلـس,"بينمــا شــهد الناتــج المحلــي لألنشــطة النفطيــة انخفاضً ــا بمعــدل %1.3 للفتـرة نفسـها، ويعـزى ذلـك اللتـزام المملكـة بالخفـض الطوعـي لحصـص اإلنتـاج المتفـق عليهـا ضمـن اتفاقيـة أوبـك بلـس.",٥,14
ما معدل التضخم المتوقع بنهاية ٢٠٢٣؟,كم تتوقعون يكون التضخم بنهاية ٢٠٢٣؟,٢.٦٠%,"وفيمــا يخــص المســتوى العــام ألســعار المســتهلك، فمــن المتوقــع أن يصــل متوســط معــدل التضخــم إلـى %2.6 بنهايـة العـام 2023 ً م، ويعـد هـذا المعـدل منخفضً ـا نسـبيا مقارنـة بالتضخـم العالمـي.",٥,17
ما اجمالي الإيرادات المتوقعة لعام ٢٠٢٣؟,كم تتوقعون تكون الإيرادات كلها في ٢٠٢٣؟,١١٩٣ مليار,"أمــا علــى جانــب تطــورات األداء المالــي فــي عــام 2023م، فمــن المتوقــع أن يبلــغ إجمالــي اإليـرادات حوالـي 1,193 مليـار ريـال بارتفـاع نسـبته %5.6 مقارنـة بالمقـدر فـي الميزانيـة؛ ويعـود ذلــك إلــى نمــو اإليــرادات غيــر النفطيــة والتــي تعكــس نمــو األنشــطة االقتصاديــة غيــر النفطيــة، والتطويــر المســتمر فــي اإلدارة الضريبيــة وتحســن إجــراءات التحصيــل.",٥,18
ما نسبة تطابق الانفاق الحكومي للميزانية المعتمدة؟,هل الإنفاق الحكومي ماشي صح على الميزانية المعتمدة؟,ارتفاع ١٤.٥٪,"ومـن المقـدر أن يبلـغ إجمالـي النفقـات لعـام 2023م حوالـي 1,275 ً مليـار ريـال مرتفعـا بنسـبة %14.5 عـن الميزانيـة المعتمـدة؛ ويعـزى هـذا االرتفـاع بشـكل رئيـس إلـى حـرص الحكومـة علـى حمايــة المواطنيــن مــن موجــة التضخــم المســتمرة التــي يشــهدها االقتصــاد العالمــي عبــر تعزيــز
اإلنفـاق االجتماعـي، مـع االسـتمرار فـي تطويـر مسـتوى الخدمـات العامـة المقدمـة للمواطنيـن
والمقيميـن، باإلضافـة إلـى مواصلـة تنفيـذ العديـد مـن المشـاريع واالسـتراتيجيات التـي مـن شـأنها
أن تحقـق تغيـرات هيكليـة إيجابيـة تـؤدي إلـى توسـيع وتنويـع القاعـدة االقتصاديـة. ",٥,20
ما هي خطة الانفاق للأعوام القادمة؟,وش خطتكم للإنفاق في السنين الجاية؟,"تعتــزم الحكومــة خــال العــام القــادم وعلــى المــدى المتوســط عبــر سياســاتها الماليــة علــى ّ التوس ّ ــع فــي مســتويات اإلنفــاق الموج ّ ــه بشــكل رئيســي إلــى البرامــج والمشــاريع التنمويــة واالسـتراتيجيات المناطقيـة والقطاعيـة الدافعـة لتعزيـز النمـو االقتصـادي المسـتدام، باإلضافـة إلـى تحسـين ورفـع جـودة الخدمـات العامـة وتطويـر البنيـة التحتيـة فـي مختلـف مناطـق المملكـة؛ ممــا يســاهم فــي رفــع جــودة الحيــاة وفقً ــا لرؤيــة الســعودية ،2030 باإلضافــة إلــى تمكيــن القطـاع الخـاص وتحفيـز البيئـة االسـتثمارية، واالسـتمرار فـي تحسـين منظومـة الدعـم واإلعانـات االجتماعيــة.","تعتــزم الحكومــة خــال العــام القــادم وعلــى المــدى المتوســط عبــر سياســاتها الماليــة علــى ّ التوس ّ ــع فــي مســتويات اإلنفــاق الموج ّ ــه بشــكل رئيســي إلــى البرامــج والمشــاريع التنمويــة واالسـتراتيجيات المناطقيـة والقطاعيـة الدافعـة لتعزيـز النمـو االقتصـادي المسـتدام، باإلضافـة إلـى تحسـين ورفـع جـودة الخدمـات العامـة وتطويـر البنيـة التحتيـة فـي مختلـف مناطـق المملكـة؛ ممــا يســاهم فــي رفــع جــودة الحيــاة وفقً ــا لرؤيــة الســعودية ،2030 باإلضافــة إلــى تمكيــن القطـاع الخـاص وتحفيـز البيئـة االسـتثمارية، واالسـتمرار فـي تحسـين منظومـة الدعـم واإلعانـات االجتماعيــة.",٦,21
ما العجز المتوقع لعام ٢٠٢٤؟,كم تتوقعون يكون العجز في ٢٠٢٤؟,ومـن المقـدر أن يبلـــغ عجـــز الميزانيـــة فـي العـام 2024م نحـــو 79 مليـار ريـال )مـا نسـبته %1.9 مـــن الناتـــج المحلـــي اإلجمالـي(,تشــير التقديــرات المحدثــة لميزانيــة العــام 2023م إلــى تحقيــق عجــز متوقــع بنحــو 82 مليــار ريـال )مـا نسـبته %2.0 مـن الناتـج المحلـي اإلجمالـي( ومـن المقـدر أن يبلـــغ عجـــز الميزانيـــة فـي العـام 2024م نحـــو 79 مليـار ريـال )مـا نسـبته %1.9 مـــن الناتـــج المحلـــي اإلجمالـي( مـع توقعـات ً اســتمراره عنــد هــذه المســتويات علــى المــدى المتوســط انعكاســا لتوجــه الحكومــة فــي تبنــي ّ اإلنفــاق التوســعي.,٦,23
هل تنوي الحكومة الاقتراض في العام القادم؟,هل الحكومة بتقترض السنة الجاية؟,"مــن المتوقــع
االسـتمرار فـي عمليـات االقتـراض المحليـة والخارجيـة لتمويـل العجـز المتوقع في الميزانية وسـداد
أصـل الديـن المسـتحق خـال العـام 2023م وعلـى المـدى المتوسـط","وتلبيــة لالحتياجــات التمويليــة، ووفقً ــا لخطــة االقتــراض الســنوية المعتمــدة؛ مــن المتوقــع االسـتمرار فـي عمليـات االقتـراض المحليـة والخارجيـة لتمويـل العجـز المتوقع في الميزانية وسـداد أصـل الديـن المسـتحق خـال العـام 2023م وعلـى المـدى المتوسـط، واالسـتفادة مـن الفـرص المتاحـة حسـب ظـروف األسـواق؛ لتنفيـذ عمليـات تمويليـة إضافيـة اسـتباقية لسـداد مسـتحقات أصــل الديــن أن يبلغ حجـــم الديـــن فـــي العـــام القـــادم 2024م نحو حوالي 1,103 مليار ريال )مايعادل %25.9
مـن الناتـج المحلـي اإلجمالـي(، ونمـوه عنـد مسـتويات مسـتدامة علـى المـدى المتوسـط لتلبيـة
االحتياجـات التمويليـة. لألعــوام القادمــة، ولتمويــل بعــض المشــاريع االســتراتيجية، ولالنتفــاع مــن فــرص األسـواق لتنفيـذ عمليـات التمويـل الحكومـي البديـل بهـدف تمويـل اإلنفـاق التحولـي للمشـاريع الرأسـمالية والبنيـة التحتيـة، وبذلـك يتوقـع أن يبلـغ إجمالـي رصيـد الديـن العـام حوالـي 1,024 مليـار ريـال )مـا يعـادل %24.8 مـن الناتـج المحلـي اإلجمالـي فـي العـام 2023م(، كمـا أنـه مـن المقـدر",٦,24
ما العوامل التي تؤخذ بالاعتبار عند توقع الإيرادات؟,وش الأشياء اللي تاخذونها في الحسبان لما تتوقعون الإيرادات؟,"تأخــذ باالعتبــار التطــورات العالميــة والمحليــة، وحالــة عــدم اليقيــن بشــأن تداعيــات الظــروف الجيوسياســية القائمــة ومعــدالت التضخــم","وقــد أعــدت عــدة ســيناريوهات إليــرادات عــام 2024م تأخــذ باالعتبــار التطــورات العالميــة والمحليــة، وحالــة عــدم اليقيــن بشــأن تداعيــات الظــروف الجيوسياســية القائمــة ومعــدالت التضخــم، حيــث شــملت علــى الســيناريو األســاس -وهــو المعتمــد فــي الميزانيــة- باإلضافــة إلــى سـيناريوهات بإيـرادات أقـل وأعلـى مـن السـيناريو األسـاس، وفـي ظـلّ وجـود مسـاحةٍ ماليـة مرنـة؛ تُ سـهم هـذه السـيناريوهات فـي تحسـين التخطيـط المالـي وتمكيـن الحكومـة مـن التعامـل مـع أي منهــا. وســتعرض هــذه الســيناريوهات فــي جزئيــة أبــرز المخاطــر والتحديــات الماليــة واالقتصاديــة فـي هـذا التقريـر.",٧,25
هل تعافى الاقتصاد العالمي من اثار جائحة كورونا؟,هل الاقتصاد العالمي رجع طبيعي بعد كورونا؟,"لا يـزال االقتصـاد العالمـي يواجـه العديـد مـن الصعوبـات والتحديـات منـذ جائحـة كورونـا مـرورا باألحــداث الجيوسياســية ومــا صاحبهــا مــن تعطــل سالســل اإلمــداد وارتفــاع معــدالت التضخــم، فضــا ً عــن ارتفــاع نســب الديــن لهــذا العــام","لا يـزال االقتصـاد العالمـي يواجـه العديـد مـن الصعوبـات والتحديـات منـذ جائحـة كورونـا مـرورا باألحــداث الجيوسياســية ومــا صاحبهــا مــن تعطــل سالســل اإلمــداد وارتفــاع معــدالت التضخــم، فضــا ً عــن ارتفــاع نســب الديــن لهــذا العــام، إذ تأثــر النمــو االقتصــادي العالمــي وارتفعــت حالــة عــدم اليقيــن؛ فــي ظــل تزايــد المخاطــر واتســاع االنقســام الجيوسياســي فــي العالــم، باإلضافــة إلـى تشـديد البنـوك المركزيـة للسياسـة النقديـة الحتـواء التضخـم، ممـا سـاهم فـي تباطـؤ النشـاط االقتصـادي لـدى الـدول المتقدمـة والـدول الصاعـدة والناميـة، وفـي مقدمتها الواليـات المتحدة والصيـن، إذ دفعـت هـذه العوامـل العديـــد مـــن المنظمـــات والمؤسســـات الدوليـــة إلـى خفـــض توقعـــات نمـــو االقتصـــاد العالمــي.",٩,28
ايهم اعلى نمـو اقتصـادات الـدول المتقدمــة ام نمو الاقتصاد العالمي في ٢٠٢٣؟,"مين اللي نموه أعلى في ٢٠٢٣، اقتصادات الدول المتقدمة ولا الاقتصاد العالمي؟",الاقتصاد العالمي,"وتشــير توقعــات صنــدوق النقــد الدولــي فــي تقريــر آفــاق االقتصــاد العالمــي لشــهر أكتوبــر 2023م إلــى تباطــؤ نمــو االقتصــاد العالمــي مــن %3.5 فــي عــام 2022م إلــى %3.0 فــي عــام 2023م ثـم %2.9 فـي عـام 2024م. مـع زيـادةٍ متوقعـة فـي حـدة تباطـؤ نمـو اقتصـادات الـدول المتقدمــة بشــكل عــام ليصــل النمــو إلــى %1.5 للعــام 2023م، و%1.4 للعــام 2024م مقارنــة بنحــو %2.6 فــي عــام 2022م.",٩,29
هل معدل التضخم في المملكة اعلى من معدل التضخم العالمي في ٢٠٢٣؟,هل التضخم عندنا أعلى من التضخم العالمي في ٢٠٢٣؟,التضخم العالمي,"وفيمــا يخــص المســتوى العــام ألســعار المســتهلك، فمــن المتوقــع أن يصــل متوســط معــدل التضخــم إلـى %2.6 بنهايـة العـام 2023 ً م، ويعـد هـذا المعـدل منخفضً ـا نسـبيا مقارنـة بالتضخـم العالمـي.

كمـا تشـير توقعـات صنـدوق النقـد الدولـي إلـى انخفـاض معـدل التضخـم العالمـي مـن %8.7 فــي عــام 2022م ليصــل إلــى %6.9 لعــام 2023م، و%5.8 لعــام 2024 ٍ م. مــع توقــع بانخفــاض معـدل التضخـم فـي اقتصـادات الـدول المتقدمـة مـن %7.3 فـي عـام 2022م ليصـل إلـى %4.6 لعــام 2023م ومــن %9.8 فــي عــام 2022 إلــى %8.5 لعــام 2023م فــي اقتصــادات األســواق الصاعــدة واالقتصــادات الناميــة، كمــا يتوقــع أن يصــل معــدل التضخــم فــي اقتصــادات الــدول المتقدمـة فـي عـام 2024م نحـو %3.0 و%7.8 فـي اقتصـادات األسـواق الصاعـدة واالقتصادات الناميـة علـى التوالـي.","٥، ٩","17, 31"
ما هو المستوى المحايد لمؤشر مديري المشتريات؟,وش المستوى اللي يعتبر طبيعي لمؤشر مديري المشتريات؟,٥٠ نقطة,"يعـد مؤشـر مديـري المشـتريات أحـد أهـم المؤشـرات االقتصاديـة التـي تتابـع حركـة القطـاع الخاص ً غيـر المنتـج للنفـط عالميـا، وقـد أثـرت حالة عدم االسـتقرار لألسـواق العالمية بشـكل كبيـر على اإلنتاج ً الصناعي عالمي ً ا خالل النصف األول من العام الحالي، حيث سجل المؤشر تذبذبا وانخفاضً ا في كثير مـن دول العالـم خـال الفتـرة مـن ينايـر إلـى أكتوبـر مـن عـام 2023م إلـى مـا دون المسـتوى المحايـد )50 نقطـة(، وتشـير هـذه القـراءات إلـى أن هنـاك تباطـؤ فـي النمـو االقتصـادي يسـود معظـم الـدول الموضحـة فـي الرسـم البيانـي أدنـاه، وتجـدر اإلشـارة إلـى أن دول االتحـاد األوروبـي والواليـات المتحدة األمريكيــة وكوريــا الجنوبيــة كانــت مــن أســرع الــدول التــي ســجلت انخفاضً ــا فــي أداء المؤشــر خــال ً الفتـرة؛ لتدخـل مؤخـر ً ا فـي منطقـة االنكمـاش؛ نتيجـة النخفـاض اإلنتـاج وإجمالـي الطلبـات الجديـدة ّ والتوظيـف.",١١,35
ما تأثير الازمة الروسية الأوكرانية على أسعار اسواق البترول؟,وش تأثير الأزمة اللي بين روسيا وأوكرانيا على أسعار البترول؟,باإلضافـة إلـى أن األسـعار فـي عـام 2022م كانـت مرتفعـة بسـبب توقعـات انخفـاض اإلمـدادات بشـكل كبيـر بسـبب األزمـة الروسـية األوكرانيـة,"انخفـض متوسـط أسـعار العقـود اآلجلـة لخـام برنـت منـذ بدايـة العـام 2023م وحتـى نهايـة شـهر
سـبتمبر مـن العـام نفسـه بنسـبة %20.0؛ ليسـجل حوالـي 81.9 دوالر للبرميـل مقابـل 102.5 دوالر
للبرميـل للفتـرة نفسـها مـن العـام السـابق. وبالرغـم مـن حالـة عـدم اليقيـن التـي مـرت بهـا األسـواق
العالميـة؛ سـجل متوسـط أسـعار العقـود اآلجلـة لخـام برنـت خـال شـهر سـبتمبر للعـام 2023 ً م ارتفاعا
ليصـل إلـى حوالـي 93 دوالر للبرميـل، ويعـزى انخفـاض متوسـط أسـعار البتـرول خـال العـام 2023م
مقارنة بالعام السـابق إلى اسـتمرار تشـديد السياسـات النقدية من قِ بل البنوك المركزية وارتفاع إنتاج
البتـرول مـن الـدول خـارج مجموعـة أوبـك بلـس، باإلضافـة إلـى أن األسـعار فـي عـام 2022م كانـت
مرتفعـة بسـبب توقعـات انخفـاض اإلمـدادات بشـكل كبيـر بسـبب األزمـة الروسـية األوكرانيـة.",١٢,37
ما هي أولويات اللجنة النقدية والمالية الدولية التابعة لصندوق النقد الدولي؟,وش أهم الأشياء اللي تركز عليها اللجنة النقدية والمالية الدولية اللي تابعة لصندوق النقد الدولي؟,"وأشـارت اللجنـة إلـى أولوياتهـا فـي المسـاهمة فـي خفـض معـدالت التضخـم العالمـي، وحمايـة
االســتقرار المالــي، وضمــان االســتدامة الماليــة، وااللتــزام بتحقيــق اســتقرار األســعار","وأشـارت اللجنـة إلـى أولوياتهـا فـي المسـاهمة فـي خفـض معـدالت التضخـم العالمـي، وحمايـة االســتقرار المالــي، وضمــان االســتدامة الماليــة، وااللتــزام بتحقيــق اســتقرار األســعار",١٤,47
ما هو أعلى معدل نمو حققته الأنشطة غير النفطية في الربع الثاني من عام 2023م؟,وش أعلى نمو حققته الأنشطة غير النفطية في الربع الثاني من 2023؟,13.50%,"وفقً ـا للبيانـات الفعليـة الصـادرة عـن الهيئـة العامـة لإلحصـاء؛ حقق الناتـج المحلي اإلجمالي لألنشـطة غيـر النفطيـة للربـع األول مـن العـام 2023 ً م نمـوا بمعـدل ،%5.4 وواصـل أداءه اإليجابـي خـال الربـع الثانـي بنمـو بلـغ %5.3؛ ممـا يعكـس نجـاح جهـود المملكـة فـي تعزيـز ً دور القطـاع الخـاص والتنـوع االقتصـادي التـي انعكسـت إيجابيـا علـى أداء األنشـطة غيـر النفطيــة، إذ ســجل نشــاط الخدمــات الجماعيــة واالجتماعيــة والشــخصية ونشــاط النقــل والتخزيــن واالتصــاالت النمــو األعلــى بمعــدل %13.5 و%9.9 علــى التوالــي للربــع الثانــي 2023 ً م، فيمــا ســجل نشــاط تجــارة الجملــة والتجزئــة والمطاعــم والفنــادق نمــوا بمعــدل ،%7.4 يليـه نشـاط الصناعـات التحويليـة -باسـتثناء تكريـر الزيـت- بمعـدل نمـو .%4.3 كمـا ً سـجل نشـاط التشـييد والبنـاء نمـوا بلـغ %2.4 للفتـرة نفسـها مـن العـام الحالـي",١٥,53
ما هو معدل النمو في عدد السياح الوافدين منذ بداية العام الحالي وحتى شهر يوليو؟,كم زاد عدد السياح اللي جو عندنا من بداية السنة لين شهر يوليو؟,58%,"كمــا عــام 2025 ً م، ونتيجــة لذلــك شــهدت الســحوبات النقديــة ّ سـاهمت الجهـود المبذولـة فـي تطويـر القطـاع السـياحي إلـى تحسـن االسـتهالك الخـاص، ً إذ حققـت المملكـة المركـز الثانـي عالميـا فـي نمـو عـدد السـياح الوافديـن منـذ بدايـة العـام الحالــي وحتــى شــهر يوليــو بنســبة %58 مقارنــة للفتــرة نفســها مــن العــام 2019م وفقً ــا لتقريـر السـياحة العالمـي.",١٦,60
ما هو معدل البطالة بين السعوديين في الربع الثاني من عام 2023؟,كم نسبة البطالة بين السعوديين في الربع الثاني من 2023؟,8.30%,"كمــا انخفضــت معــدالت البطالــة بيــن الســعوديين إلــى %8.3 بانخفـاض مقـداره 0.2 نقطـة مئويـة مقارنـة بالربـع األول، إذ تُ عـد هـذه النسـبة ثانـي أقـل معـدل منـذ أكثـر مـن عقديـن",١٧,65
ما هو المستهدف لرؤية السعودية 2030 بشأن مشاركة المرأة في سوق العمل؟,وش الهدف اللي حاطينه في رؤية 2030 بالنسبة لمشاركة الحريم في الشغل؟,30%,"واسـتمرت معـدالت مشـاركة المـرأة فـي سـوق العمـل فـي االرتفـاع بشـكل مطّ ـرد، إذ ارتفـع المعـدل فـي الربـع الثانـي مـن العـام 2023م ليصـل إلـى %35.3 متجـاوزاً بذلـك مســتهدف رؤيــة الســعودية 2030 عنــد مســتوى 30 ً ،% ممــا يعكــس جليــا ارتفــاع نســبة الوعــي
بأهميـة مشـاركة المـرأة ونجـاح خطـط ومبـادرات تمكيـن المـرأة التـي أطلقتهـا الحكومـة تدريجيـاً
خـال السـنوات الماضيـة لتواصـل المـرأة شـراكتها الفعالـة وتوسـع حضورهـا فـي التنميـة الوطنيـة،
وتزيـد معـدل إسـهامها فـي النمـو بجميـع المجـاالت. ",١٧,70
كم عدد الوظائف التي أضيفت في القطاع الخاص بنهاية الربع الثالث من عام 2023م؟,كم وظيفة جديدة صارت في القطاع الخاص بنهاية الربع الثالث من 2023؟,1.122 مليون وظيفة,"وسـاهمت الجهـود المتواصلـة لتوطيـن الوظائـف النوعيـة وتوفيـر الوظائـف المسـتدامة إلـى زيـادة أعـداد العامليـن السعوديين في القطاع الخاص بنهاية الربع الثالث من العام 2023م بنحو 153 ألف عامل، بنمو مقـداره %7.2 مقارنـة بنهايـة الربـع الثالـث مـن العـام 2022م، وبذلـك بلـغ إجمالـي عـدد العامليـن السـعوديين فـي القطـاع الخـاص 2.3 ً مليـون موظفـاً وموظفـة، كمـا بلـغ إجمالـي الوظائـف التـي ُضيفــت فــي االقتصــاد الســعودي فــي القطــاع الخــاص بنهايــة الربــع الثالــث مــن العــام 2023م أ 3 وظيفــة مقارنــة بالربــع الثالــث مــن العــام 2022م، تشــمل الســعوديين حوالــي 1.122 مليــون ّ وغيـر السـعوديين.",١٧,68
ما هو معدل النمو في الرقم القياسي لأسعار المستهلك منذ بداية العام الحالي وحتى شهر أكتوبر؟,كم زادت أسعار الأشياء اللي نشتريها من بداية السنة لين شهر أكتوبر؟,2.50%,"بحسـب البيانـات الفعليـة للهيئـة العامـة لإلحصـاء؛ ارتفـع متوسـط النمـو فـي الرقـم القياسـي ألسـعار المسـتهلك )معـدل التضخـم( منـذ بدايـة العـام الحالـي حتـى شـهر أكتوبـر بمعـدل %2.5 ً مقارنـة بالفتـرة نفسـها مـن العـام السـابق، إذ سـجل قسـم السـكن والميـاه والكهربـاء والغـاز وأنواع وقــود أخــرى منــذ بدايــة العــام حتــى أكتوبــر مــن عــام 2023م أعلــى نســبة ارتفــاع بيــن األقســام الرئيســة فــي المؤشــر العــام لألســعار بنســبة ،%8.0 يليــه المطاعــم والفنــادق بنســبة ،%4.5 ثــم قسـم التعليـم وقسـم الترفيـه والثقافـة بنسـب بلغـت %2.4 و%1.6علـى التوالـي.",١٨,71
ما هي نسبة الواردات الوسيطة والرأسمالية من إجمالي الواردات؟,كم نسبة الواردات اللي نستخدمها في الصناعة والإنتاج من كل الواردات اللي تجينا؟,65.40%,"وعلـى الرغـم مـن ارتفـاع الـواردات السـلعية إال أن غالبيتهـا واردات وســيطة ورأســمالية والتــي تدخــل فــي عمليــة اإلنتــاج وتشــكل مــا نســبته %65.4 مــن إجمالــي الـواردات، حيـث نمـت الـواردات الوسـيطة والرأسـمالية بنحـو %10.9 خـال الفتـرة نفسـها مؤكـدةً النظـرة اإليجابيـة المسـتقبلية حيـال أداء القطـاع غيـر النفطـي علـى المـدى القصيـر والمتوسـط.",١٩,80
ما هو معدل نمو الائتمان الممنوح للقطاع الخاص حتى شهر سبتمبر من عام 2023م؟,كم زادت القروض اللي عطيتوها للقطاع الخاص لين شهر سبتمبر من 2023؟,9.30%,"حيـث ارتفعـت إجمالـي الموجـودات لـدى البنـوك خـال األربـاع الثالثـة األولـى مـن العـام 2023م بمقـدار %9.4 لتصـل إلـى 3.9 ترليـون ريـال مقارنـة بــ 3.56 ترليـون ريـال للفتـرة نفسـها مـن العـام السـابق، متجـاوزة بذلـك أحـد مسـتهدفات برنامـج تطويـر القطـاع المالـي لعـام 2025م لوصـول الموجـودات البنكيـة إلـى 3.5 ترليـون ريـال، ويعـود هـذا النمـو إلـى الزيـادة فـي اإلقـراض؛ إذ تمثـل محفظـة القـروض مـا يزيـد علـى %65 مـن إجمالـي األصـول. وبالنظـر إلـى محفظـة القـروض عـن كثـب، يظهـر أن االئتمــان الممنــوح للقطــاع الخــاص نمــا بحوالــي %9.3 لشــهر ســبتمبر مــن عــام 2023م مقارنــة بالفتــرة نفسـها مـن العـام 2022م، فيمـا تراجعـت القـروض االسـتهالكية فـي نهايـة الربـع الثالـث بمقـدار %0.8 مقارنـة بالفتـرة المماثلـة مـن العـام السـابق.",٢٠,87
ما هي نسبة النمو في التسهيلات الممنوحة للمنشآت الصغيرة والمتوسطة ومتناهية الصغر في نهاية الربع الثالث من عام 2023م؟,كم زادت التسهيلات اللي عطيتوها للشركات الصغيرة والمتوسطة ومتناهية الصغر بنهاية الربع الثالث من 2023؟,18.80%,"وسـجلت القـروض العقاريـة التـي منحتهـا البنـوك التجاريـة لألفـراد والشـركات فـي نهايـة الربـع الثالـث مـن العـام 2023م ارتفاعـاً سـنوياً بنسـبة %12.3 لتصـل إلـى مـا يقـارب 747.2 مليـار ريـال، ً مشــكّ لة بذلــك مــا نســبته 29.4 ُ % مــن إجمالــي االئتمــان المصرفــي، ويعــزى هــذا النمــو بشــكل رئيــس إلــى برامــج الحكومــة الهادفــة إلــى زيــادة نســبة تملــك المواطنيــن للمســاكن. وقــد نمــت التســهيالت الممنوحــة للمنشــآت الصغيــرة والمتوســطة ومتناهيــة الصغــر بنســبة %18.8 خــال الفتـرة نفسـها برغـم ارتفـاع تكاليـف التمويـل.",٢١,90
ما هو معدل النمو في عرض النقود (ن3) حتى نهاية شهر سبتمبر من عام 2023م؟,كم زاد عرض النقود (ن3) لين نهاية شهر سبتمبر من 2023؟,8.00%,"مـن جهـة أخـرى، فقـد سـجل عـرض النقـود رتفاعـا خـال شـهر سـبتمبر مـــن عـــام 2023م بحوالـــي %8.0 علـى أسـاس سـنوي؛ ليصـل عنـد مسـتوى 2.66 ً تريليـون ريـال؛ نتيجـة لنمــو الودائــع
الزمنيــة واالدخاريـة بنحـو ،%49.4 باإلضافـة إلـى النقـد المتـداول خـارج المصـارف بحوالـي .%4.3 ",٢١,91
ما هو معدل نمو الودائع تحت الطلب حتى نهاية شهر سبتمبر من عام 2023م؟,كم زادت الودائع تحت الطلب لين نهاية شهر سبتمبر من 2023؟,انخفاض بنسبة 4.8%,"كمــا شــهدت الودائــع األخــرى شــبه النقديــة انخفاضً ــا بنحــو ،%3.8 فــي حيــن انخفضــت الودائـــع تحــت الطلــب بحوالـي .%4.8",٢١,92
ما هو معدل انخفاض مؤشر السوق المالية السعودية (تاسي) بنهاية الربع الثالث من عام 2023م مقارنة بالفترة نفسها من العام الماضي؟,كم نقص مؤشر سوق الأسهم (تاسي) بنهاية الربع الثالث من 2023 مقارنة بنفس الفترة من السنة اللي قبلها؟,3.06%,"وقـد تأثـرت بذلـك أسـواق األسـهم فـي المنطقـة، إال أن تأثيـر ذلـك علـى السـوق الماليـة السـعودية كان طفيفـا،ً حيـث انخفـض مؤشـر السـوق الرئيسـة )تاسـي( بنسـبة %3.06 بنهايـة الربـع الثالـث مـن العـام 2023م مقارنـة بالفتـرة نفسـها مـن العـام الماضـي، وأغلـق المؤشـر عنـد مسـتوى 11,055 نقطـة منخفضـاً بــ 349.36 نقطـة.",٢٢,99
ما هو معدل النمو المتوقع للناتج المحلي الإجمالي الحقيقي في المملكة لعام 2024؟,كم تتوقعون يكون نمو الاقتصاد (الفلوس اللي نكسبها كلنا) في 2024؟,4.40%,"وفــي ضــوء التطــورات المحليــة اإليجابيــة تمــت مراجعــة معــدالت النمــو االقتصــادي فــي المملكــة لعــام 2024م والمــدى المتوســط، ومــن المتوقــع اســتمرار المحافظــة علــى معــدالت إيجابيــة للنمــو االقتصــادي خــال عــام 2024م وعلــى المــدى المتوســط بقيــادة القطــاع غيــر النفطـي، عبـر الجهـود المبذولـة نحـو تسـريع عمليـة التنويـع االقتصـادي؛ لضمان النمـو االقتصادي المســتدام فــي ظــل اإلصالحــات. حيــث تشــير التقديــرات األوليــة لعــام 2024م إلــى نمــو الناتــج المحلــي اإلجمالــي الحقيقــي بمعــدل ،%4.4 مدعومــاً بالنمــو المتوقــع فــي الناتــج المحلــي اإلجمالـي لألنشـطة غيـر النفطيـة، عبـر الجهـود المبذولـة نحـو تعزيـز وتطويـر القطـاع الخـاص ورفـع ُ مسـاهمته ليقـود النمـو االقتصـادي، ممـا يسـهم فـي خلـق فـرص وظيفيـة جديـدة ومسـتدامة فـي سـوق العمـل، واالسـتمرار فـي تنفيـذ برامـج ومشـاريع رؤيـة السـعودية 2030 بصفتهـا أداةً رئيســية لتحقيــق أهــداف التحــول االقتصــادي",٢٣,106
ما هي نسبة مساهمة المستثمر الأجنبي في السوق المالية السعودية بنهاية الربع الثالث من عام 2023م؟,كم نسبة الأجانب اللي يستثمرون في سوق الأسهم عندنا بنهاية الربع الثالث من 2023؟,12.50%,"رتفعـت قيمـة ملكيـة المسـتثمر األجنبـي بمـا يزيـد عـن 3.7 مليـار ريـال بنهايـة الربـع الثالـث مـن عـام 2023م مقارنـة بالفتـرة نفسـها مـن العـام الماضـي، إال أن نسـبة ملكيـة المسـتثمر األجنبـي قـد انخفضـت بشـكل طفيـف لتصبـح %12.5 مقارنـة بحوالـي %13.4 للفتـرة نفسـها مـن العـام السـابق، ويعـود ذلـك لنمـو حصـة المسـتثمر السـعودي بوتيـرة أعلـى مـن النمو للمسـتثمر األجنبي.",٢٣,107
"ما هو الهدف من برنامج ""شريك""؟","وش الهدف من برنامج ""شريك""؟",تعزيز التعاون بين القطاعين العام والخاص وزيادة الستثمارات المحلية لشركات القطاع الخاص.,"تُ شــير التوقعــات إلــى االســتمرار فــي تبنــي السياســات واإلصالحــات المناســبة؛ لتعزيــز البيئــة االسـتثمارية والمواصلـة فـي تذليـل عقبـات االسـتثمار فـي المملكـة، وتمكيـن المسـتثمرين مـن ُ الوصـول إلـى الفـرص االسـتثمارية، تحـت مظلّ ـة االسـتراتيجية الوطنيـة لالسـتثمار؛ ممـا يسـهم فـي تحقيــق أهــداف رؤيــة الســعودية ،2030 التــي تهــدف إلــى رفــع مســاهمة القطــاع الخــاص فــي الناتـج المحلـي اإلجمالـي إلـى %65 بنهايـة عـام 2030م مقارنـة بمسـاهمة القطـاع الخـاص غيـر النفطـي فـي الناتـج المحلـي اإلجمالـي بنسـبة %41 خـال عـام 2022م، عبـر تحقيـق شـراكة فاعلـة مـع القطـاع الخـاص وتعزيـز نمـو مسـتدام عبـر العديـد مـن البرامـج مثـل برنامـج ”شـريك“ الهـادف إلـى تعزيـز التعـاون بيـن القطاعييـن العـام والخـاص وزيـادة االسـتثمارات المحليـة لشـركات القطـاع الخـاص لتصـل إلـى 5 تريليـون ريـال بحلـول عـام 2030م، وبرنامـج ”التخصيـص“ الـذي يهـدف إلـى تعزيـز دور القطـاع الخـاص فـي تقديـم الخدمـات وإتاحـة األصـول الحكوميـة أمامـه.",٢٤,108
ما هو الهدف من برنامج التخصيص؟,وش الهدف من برنامج التخصيص؟,تعزيز دور القطاع الخاص في تقديم الخدمات وإتاحة الوصول الحكومي أمامه.,"تُ شــير التوقعــات إلــى االســتمرار فــي تبنــي السياســات واإلصالحــات المناســبة؛ لتعزيــز البيئــة االسـتثمارية والمواصلـة فـي تذليـل عقبـات االسـتثمار فـي المملكـة، وتمكيـن المسـتثمرين مـن ُ الوصـول إلـى الفـرص االسـتثمارية، تحـت مظلّ ـة االسـتراتيجية الوطنيـة لالسـتثمار؛ ممـا يسـهم فـي تحقيــق أهــداف رؤيــة الســعودية ،2030 التــي تهــدف إلــى رفــع مســاهمة القطــاع الخــاص فــي الناتـج المحلـي اإلجمالـي إلـى %65 بنهايـة عـام 2030م مقارنـة بمسـاهمة القطـاع الخـاص غيـر النفطـي فـي الناتـج المحلـي اإلجمالـي بنسـبة %41 خـال عـام 2022م، عبـر تحقيـق شـراكة فاعلـة مـع القطـاع الخـاص وتعزيـز نمـو مسـتدام عبـر العديـد مـن البرامـج مثـل برنامـج ”شـريك“ الهـادف إلـى تعزيـز التعـاون بيـن القطاعييـن العـام والخـاص وزيـادة االسـتثمارات المحليـة لشـركات القطـاع الخـاص لتصـل إلـى 5 تريليـون ريـال بحلـول عـام 2030م، وبرنامـج ”التخصيـص“ الـذي يهـدف إلـى تعزيـز دور القطـاع الخـاص فـي تقديـم الخدمـات وإتاحـة األصـول الحكوميـة أمامـه.",٢٤,108
ما هي نسبة مساهمة القطاع الخاص غير النفطي في الناتج المحلي الإجمالي لعام 2022م؟,كم نسبة مساهمة القطاع الخاص غير النفطي في الاقتصاد (الفلوس اللي نكسبها كلنا) في 2022؟,41%,"تُ شــير التوقعــات إلــى االســتمرار فــي تبنــي السياســات واإلصالحــات المناســبة؛ لتعزيــز البيئــة االسـتثمارية والمواصلـة فـي تذليـل عقبـات االسـتثمار فـي المملكـة، وتمكيـن المسـتثمرين مـن ُ الوصـول إلـى الفـرص االسـتثمارية، تحـت مظلّ ـة االسـتراتيجية الوطنيـة لالسـتثمار؛ ممـا يسـهم فـي تحقيــق أهــداف رؤيــة الســعودية ،2030 التــي تهــدف إلــى رفــع مســاهمة القطــاع الخــاص فــي الناتـج المحلـي اإلجمالـي إلـى %65 بنهايـة عـام 2030م مقارنـة بمسـاهمة القطـاع الخـاص غيـر النفطـي فـي الناتـج المحلـي اإلجمالـي بنسـبة %41 خـال عـام 2022م، عبـر تحقيـق شـراكة فاعلـة مـع القطـاع الخـاص وتعزيـز نمـو مسـتدام عبـر العديـد مـن البرامـج مثـل برنامـج ”شـريك“ الهـادف إلـى تعزيـز التعـاون بيـن القطاعييـن العـام والخـاص وزيـادة االسـتثمارات المحليـة لشـركات القطـاع الخـاص لتصـل إلـى 5 تريليـون ريـال بحلـول عـام 2030م، وبرنامـج ”التخصيـص“ الـذي يهـدف إلـى تعزيـز دور القطـاع الخـاص فـي تقديـم الخدمـات وإتاحـة األصـول الحكوميـة أمامـه.",٢٤,108
ما هو الهدف من مشروع الاستثمار والتخصيص للأندية الرياضية؟,وش الهدف من مشروع الاستثمار والتخصيص للأندية الرياضية؟,تحقيق مستهدفات رؤية السعودية 2030 في القطاع الرياضي.,"وتســتمر رحلــة تنويــع االقتصــاد عبــر االســتفادة مــن القطاعــات الواعــدة، إذ تعمــل المملكــة ّ علـى بنـاء قطـاع رياضـي فعـال وذلـك بتعزيـز دور القطـاع الخـاص وتمكينـه للمسـاهمة فـي تنميـة ُطلِ ــق ”مشــروع االســتثمار والتخصيــص لألنديــة الرياضيــة“ تحقيقً ــا لمســتهدفات القطــاع، فقــد أ رؤيـة السـعودية 2030 فـي القطـاع الرياضـي.",٢٥,115
ما هو المستهدف للناتج المحلي الصناعي في عام 2030م وفقاً للستراتيجية الوطنية للصناعة؟,كم تتوقعون يكون انتاج المصانع في 2030 حسب الخطة اللي حاطينها؟,895 مليار ريال,"تسـتكمل المملكـة جهودهـا فـي تطويـر القطـاع الصناعـي كأحـد أهـم القطاعـات الحيويـة فـي االقتصـاد السـعودي، عبـر بلـورة القاعـدة الصناعيـة مـن خـال ”االسـتراتيجية الوطنيـة للصناعـة“ التـي تركـز علـى 12 ً قطاع ً ـا فرعيـا لتنويـع االقتصـاد الصناعـي ومضاعفـة الناتـج المحلـي الصناعـي بنحـو ثـاث مـرات مقارنـة بعـام 2020م؛ ليصـل إلـى 895 مليـار ريـال فـي عـام 2030م، باإلضافـة إلــى مضاعفــة قيمــة الصــادرات الصناعيــة لتصــل إلــى 557 مليــار ريــال فــي عــام 2030م",٢٥,113
ما هي نسبة العجز المتوقعة في الميزانية لعام 2023م كنسبة مئوية من الناتج المحلي الإجمالي؟,كم تتوقعون يكون العجز في الميزانية في 2023 كنسبة من الاقتصاد (الفلوس اللي نكسبها كلنا)؟,2.00%,"تسـتكمل حكومـة المملكـة تنفيـذ المبـادرات واإلصالحـات الهيكليـة علـى الجانـب االقتصـادي والمالـي فـي ظـل رؤيـة السـعودية ،2030 حيـث تُ ركّ ـز فـي مسـيرتها علـى تبنـي سياسـات ماليـة تسـاهم في تحقيق االسـتقرار واالسـتدامة للميزانية العامة للدولة، في ظل التوجه نحو التوسـع فـي اإلنفـاق علـى االسـتراتيجيات المناطقيـة والقطاعيـة، والـذي بـدوره يسـهم فـي تحقيـق النمـو االقتصـادي المسـتدام، وتشـير التقديـرات المحدثـة لميزانيـة عـام 2023م إلـى تحقيـق عجـز فـي الميزانيـة بنحـو 82 مليـار ريـال )أي مـا يعـادل %2.0 مـن الناتـج المحلـي اإلجمالـي(، مـع الحفـاظ على مسـتويات آمنـة مـن االحتياطيـات الحكوميـة والديـن العـام بمـا يتماشـى مـع مبـادئ االسـتدامة المالية.",٢٨,121
ما هو السبب الرئيسي وراء الانخفاض المتوقع في إجمالي الإيرادات لعام 2023م؟ ,وش السبب الرئيسي ورا نقص الإيرادات اللي متوقعينه في 2023؟,انخفاض أسعار النفط.,"مــن المتوقــع أن يبلــغ إجمالــي اإليــرادات حوالــي 1,193 مليــار ريــال لعــام 2023م بانخفــاض نسـبته %5.9 مقارنـة بالعـام السـابق، ويعـود ذلـك بشـكل رئيـس إلـى انخفـاض أسـعار النفـط للعـام الحالـي مقارنـة بأسـعار النفـط فـي عـام 2022م.",٢٩,125
ما هو السبب الرئيسي لزيادة الإنفاق على باب المنافع الاجتماعية لعام 2023م؟,وش السبب الرئيسي لزيادة المصاريف على باب المنافع الاجتماعية في 2023؟,"استمرار الدعم المالي الإضافي وفتح التسجيل في برنامج حساب المواطن، بالإضافة إلى زيادة الحد الأدنى الأساسي لحساب المعاش لمستحقي الضمان الاجتماعي.","وعنــد المقارنــة مــع المنصــرف الفعلــي للعــام المالــي 2022م، يتوقــع أن ترتفــع النفقــات التشــغيلية بنهايــة العــام المالــي 2023م بنحــو %5.0 لتصــل إلــى 1,072 مليــار ريــال؛ الرتفــاع الصـرف علـى بـاب المنافـع االجتماعيـة بنسـبة %22.6 أي بحوالـي 18 ً مليـار ريـال؛ نظـرا السـتمرار ً الدعـم المالـي اإلضافـي وفتـح التسـجيل فـي برنامـج حسـاب المواطـن، إضافـة إلـى زيـادة الحـد األدنـى األساسـي الحتسـاب المعـاش لمسـتحقي الضمـان االجتماعـي.",٣١,132
ما هو السبب الرئيسي لزيادة نفقات التمويل لعام 2023م؟,وش السبب الرئيسي لزيادة مصاريف التمويل في 2023؟,ارتفاع أسعار الفائدة وحجم محفظة الدين العام.,كمــا يتوقــع أن ترتفــع نفقــات التمويــل بنســبة %27.1 أي بحوالــي 8 مليـار ريـال مقارنـة بالمنصـرف الفعلـي لعـام 2022 ً م؛ مدفوعـة بارتفـاع أسـعار الفائـدة وحجـم محفظــة الديــن العــام.,٣٢,136
ما هو السبب الرئيسي وراء ارتفاع تعويضات العاملين لعام 2023م؟,وش السبب الرئيسي ورا زيادة رواتب الموظفين في 2023؟,"أثر العلاوة السنوية، بالإضافة إلى استمرار تحول عدد من الجهات الحكومية من نظام الخدمة المدنية إلى نظام العمل والمخصصات المالية الكتوارية المرتبطة بها","فـي حيـن يتوقـع ارتفـاع الصـرف علـى بـاب تعويضـات العامليـن بنسـبة %4.5 أي بنحـو 23 مليـار ريـال مقارنـة بالمنصـرف الفعلـي لعـام 2022م، ويعـود ذلـك بشـكل رئيـس إلـى أثـر العـاوة ً السـنوية، إضافـة إلـى اسـتمرار تحـول عـدد مـن الجهـات الحكوميـة مـن نظـام الخدمـة المدنيـة إلـى نظـام العمـل والمخصصـات الماليـة اإلكتواريـة المرتبطـة بهـا.",٣٢,136
ما هو إجمالي عمليات التمويل الحكومية حتى الربع الثالث من عام 2023م؟,كم صار مجموع عمليات التمويل الحكومية لين الربع الثالث من 2023؟,129 مليار ريال.,"وقـد بلـغ إجمالـي عمليـات التمويـل الحكوميـة حتـى الربـع الثالـث مـن العـام 2023م حوالـي 129 مليـــار ريـــال )يشـمل سـداد مدفوعـات أصـل الديـن بحوالـي 125 مليـار ريـال( إذ يشـكل سـداد أصـل الديـن المحلـي نحـو 56 مليـار ريـال وسـداد أصـل الديـن الخارجـي نحـو 70 مليـار ريـال، بإجمالـي رصيـد الديـن حتـى الربـع الثالـث مـن العـام 2023م نحـو 994 مليـار ريـال.",٣٤,145
ما هو إجمالي الدين العام المتوقع في نهاية عام 2023م؟,كم تتوقعون يكون مجموع الديون اللي على الحكومة بنهاية 2023؟,"1,024 مليار ريال.","ويتوقـــع أن يبلـــغ رصيـــد الديــــن العــــام 1,024 مليـــار ريـــال )أي مـا يعـادل %24.8 مــــن الناتــــج المحلــي اإلجمالي( فـــي نهايـــة العـــام 2023م مقارنــة مــع 990 مليــار ريـال )أي مـا يعـادل %23.8 مـــن الناتـــج المحلـــي اإلجمالي( للعـــام الســابق.",٣٥,153
ما هي نسبة الدين العام المتوقعة كنسبة مئوية من الناتج المحلي الإجمالي في نهاية عام 2023م؟,كم تتوقعون تكون نسبة الدين اللي على الحكومة من الاقتصاد (الفلوس اللي نكسبها كلنا) بنهاية 2023؟,24.80%,"ويتوقـــع أن يبلـــغ رصيـــد الديــــن العــــام 1,024 مليـــار ريـــال )أي مـا يعـادل %24.8 مــــن الناتــــج المحلــي اإلجمالي( فـــي نهايـــة العـــام 2023م مقارنــة مــع 990 مليــار ريـال )أي مـا يعـادل %23.8 مـــن الناتـــج المحلـــي اإلجمالي( للعـــام الســابق.",٣٥,153
ما هو سبب تراجع إيرادات ضريبة الدخل والأرباح والمكاسب الرأسمالية في عام 2024 مقارنة بالعام 2023؟,ليش نقصت ايرادات ضريبة الدخل والأرباح والمكاسب الرأسمالية في 2024 مقارنة بـ 2023؟,"تحصيل إيرادات غير متكررة خلال عام 2023 تتعلق بأعوام سابقة، بالإضافة إلى أثر مبادرة إلغاء الغرامات والإعفاء من العقوبات المالية التي تنتهي بنهاية عام 2023.","ومـن المتوقّ ـع أن تبلـغ إيـرادات الضرائـب علـى الدخـل واألربـاح والمكاسـب الرأسـمالية 31 مليـار ريـال فـي عـام 2024م بتراجـع نسـبته %14.3 مقارنـة بالمتوقـع تحصيلـه فـي عـام 2023م، ويعـود ذلـك إلـى تحصيـل إيـرادات غيـر متكـررة خـال عـام 2023م تخـص أعـوام سـابقة، باإلضافـة إلـى أثـر مبـادرة إلغـاء الغرامـات واإلعفـاء مـن العقوبـات الماليـة التـي تنتهـي بنهايـة عـام 2023م والتـي سـاهمت فـي تحفيـز المكلفيـن بالسـداد عـن الفتـرات السـابقة",٣٧,158
ما هو سبب ارتفاع إيرادات الضرائب على السلع والخدمات في عام 2024 مقارنة بالعام 2023؟,ليش زادت ايرادات الضرائب على السلع والخدمات في 2024 مقارنة بـ 2023؟,"التوقعات الإيجابية لمؤشرات الإنفاق الاستهلاكي، بالإضافة إلى التقدم في مشروع الفاتورة الإلكترونية الذي سيساهم في رفع نسب الالتزام والتحسن في تحصيل الإيرادات الضريبية.","مـن المقـدر للضرائـب علـى السـلع والخدمـات أن تحقـق نحـو 279 مليـار ريـال فـي 2024م، بارتفـاع نسـبته %5.8 عـن المتوقـع تحقيقـه فـي عـام 2023م، وذلـك نتيجـة التوقعـات اإليجابيـة لمؤشـرات اإلنفـاق االسـتهالكي، باإلضافـة إلـى التقـدم فـي مشـروع الفوتـرة اإللكترونيـة الـذي سيسـاهم فـي رفـع نسـب االلتـزام والتحسـن فـي تحصيـل اإليـرادات الضريبيـة.",٣٧,159
ما هو سبب ارتفاع إيرادات الضرائب على التجارة والمعاملات الدولية في عام 2024 مقارنة بالعام 2023؟,ليش زادت ايرادات الضرائب على التجارة والمعاملات الدولية في 2024 مقارنة بـ 2023؟,استمرار نمو الواردات في العام القادم بالإضافة إلى أثر التضخم العالمي على أسعار السلع المستوردة.,"ويتوقــع أن تحقــق الضرائــب عــى التجــارة والمعامــات الدوليــة )الرســوم الجمركيــة( 21 مليــار ريــال فــي عــام 2024م بارتفــاع نســبته %3.0 عــن المتوقــع تحصيلــه بنهايــة عــام 2023م، مدفوعــة باســتمرار نمــو الــواردات فــي العــام القــادم باإلضافــة إلــى أثــر التضخــم العالمــي علــى أســعار الســلع المســتوردة.",٣٨,160
ما هو إجمالي الإيرادات غير الضريبية المتوقع في عام 2024؟,كم بتكون الإيرادات اللي مو من الضرايب في 2024؟,812 مليار ريال.,"يقّ ــدر أن تبلــغ اإليــرادات األخــرى التــي تشــمل اإليــرادات النفطيــة واألربــاح مــن اســتثمارات الحكومــة، ومبيعــات الســلع والخدمــات، إضافــة إلــى الجــزاءات والغرامــات، نحــو 812 مليــار ريــال لعـام 2024م بانخفـاض نسـبته %3.5 مقارنـة بالمتوقـع تحقيقـه فـي عـام 2023م. يعـود ذلـك للتوجــه الــذي تتبنــاه الحكومــة فــي بنــاء تقديــرات اإليــرادات فــي الميزانيــة علــى معاييــر تتســم بالتحفــظ؛ تحســباً ألي تطــورات قــد تطــرأ علــى االقتصــاد المحلــي والعالمــي.",٣٨,161
ما هي أنواع الإيرادات غير الضريبية؟,وش أنواع الإيرادات اللي مو من الضرايب؟,"الإيرادات النفطية والأرباح من استثمارات الحكومة، ومبيعات السلع والخدمات، بالإضافة إلى الجزاءات والغرامات.","يقّ ــدر أن تبلــغ اإليــرادات األخــرى التــي تشــمل اإليــرادات النفطيــة واألربــاح مــن اســتثمارات الحكومــة، ومبيعــات الســلع والخدمــات، إضافــة إلــى الجــزاءات والغرامــات، نحــو 812 مليــار ريــال لعـام 2024م بانخفـاض نسـبته %3.5 مقارنـة بالمتوقـع تحقيقـه فـي عـام 2023م. يعـود ذلـك للتوجــه الــذي تتبنــاه الحكومــة فــي بنــاء تقديــرات اإليــرادات فــي الميزانيــة علــى معاييــر تتســم بالتحفــظ؛ تحســباً ألي تطــورات قــد تطــرأ علــى االقتصــاد المحلــي والعالمــي.",٣٨,161
ما هي نسبة النفقات التشغيلية من إجمالي النفقات في عام 2024؟,كم نسبة المصاريف التشغيلية من كل المصاريف في 2024؟,84.9%.,"مــن المقــدر أن تبلــغ النفقــات التشــغيلية للعــام 2024م نحــو 1,062 مليــار ريــال منخفضــة بنحـو %0.9 مقارنـة بالمتوقـع لعـام 2023م وهـو مـا يشـكل %84.9 مـن إجمالـي النفقـات، وتقـدر نفقــات تعويضــات العامليــن بحوالــي 544 مليــار ريــال بارتفــاع نســبته %1.6 مقارنــة بالمتوقــع لعـام 2023م؛ انعكاسـاً ألثـر العـاوة السـنوية. ومـن المقـدر أن يبلـغ اإلنفـاق علـى بـاب الســلع والخدمــات حوالــي 277 مليــار ريــال بارتفــاع بحوالــي %1.6 عــن المتوقــع لعــام 2023م، نتيجــة االسـتمرار فـي تنفيـذ وتشـغيل البرامـج واالسـتراتيجيات المتعلقـة بالقطاعـات الواعـدة. كمـا تقـدر نفقات التمويل في عام 2024م بحوالي 47 مليار ريال مرتفعة بنسبة %21.7 مقارنة بالمتوقع فــي عــام 2023م؛ ويأتــي هــذا االرتفــاع نتيجــة انعــكاس أثــر ارتفــاع محفظــة الديــن العــام نتيجــة للتوسـع فـي اإلنفـاق لتسـريع وتيـرة التنفيـذ لبعـض البرامـج والمشـاريع ذات العائـد االقتصـادي ُ واالجتماعـي الممكنـة لتحقيـق مسـتهدفات رؤيـة السـعودية .2030",٣٩,166
ما هو سبب ارتفاع نفقات التمويل في عام 2024 مقارنة بالعام 2023؟,ليش زادت مصاريف التمويل في 2024 عن 2023؟,انعكاس أثر ارتفاع محفظة الدين العام نتيجة للتوسع في الإنفاق لتسريع وتيرة التنفيذ لبعض البرامج والمشاريع ذات العائد الاقتصادي والاجتماعي الممكنة لتحقيق مستهدفات رؤية السعودية 2030.,كمـا تقـدر نفقات التمويل في عام 2024م بحوالي 47 مليار ريال مرتفعة بنسبة %21.7 مقارنة بالمتوقع فــي عــام 2023م؛ ويأتــي هــذا االرتفــاع نتيجــة انعــكاس أثــر ارتفــاع محفظــة الديــن العــام نتيجــة للتوسـع فـي اإلنفـاق لتسـريع وتيـرة التنفيـذ لبعـض البرامـج والمشـاريع ذات العائـد االقتصـادي ُ واالجتماعـي الممكنـة لتحقيـق مسـتهدفات رؤيـة السـعودية .2030,٣٩,168
ما هو سبب ارتفاع نفقات الإعانات في عام 2024 مقارنة بتوقعات عام 2023؟,ليش زادت مصاريف الإعانات في 2024 عن اللي توقعوه في 2023؟,تعديل تصنيف ميزانية بعض الجهات الحكومية لتكون إعانة بدل من تضمينها في أبواب أخرى.,"مـن المقـدر أن تصـل نفقـات بـاب اإلعانـات إلـى حوالـي 38 مليـار ريال مرتفعة عـن توقعات عام 2023م بنحـو ،%88.1 ويعـزى هـذا االرتفـاع لتعديـل تصنيـف ميزانيـة بعـض الجهـات الحكوميـة ً لتكــون إعانــة بــدال مــن تضمينهــا فــي أبــواب أخــرى. ومــن المقــدر أن تبلــغ نفقــات بــاب المنافــع االجتماعيـة نحـو 62 مليـار ريـال.",٣٩,168
كم عدد الجهات الحكومية التابعة لقطاع النقل والتجهيزات الاساسية؟,كم عدد الجهات الحكومية اللي تبع قطاع النقل والأشياء الأساسية؟,17 جهة.,عدد الجهات الحكومية 17 جهة التابعــــــــــــــــة للقطــــــــــــــــــــاع,٤٣,179
ما هو عدد الشركات التقنية المدرجة في السوق المالية السعودية بنهاية عام 2023؟,كم عدد شركات التقنية اللي موجودة في سوق الأسهم بنهاية 2023؟,18 شركة.,"زيـادة عـدد الشـركات التقنيـة المدرجـة فـي السـوق الماليـة السـعودية والوصـول إلـى 18 شـركة، بقيمـة اسـمية أكثـر مـن 3 مليـار ريـال.",٤٣,180
ما هي نسبة الزيادة في عدد العاملين في قطاع الاتصالات وتقنية المعلومات في المملكة عام 2023 مقارنة بعام 2022؟,كم زاد عدد الموظفين في قطاع الاتصالات والتقنية في 2023 مقارنة بـ 2022؟,9%.,"وصــول عــدد العامليــن والعامــات فــي مهــن االتصــاالت وتقنيــة المعلومــات إلــى 354 ألــف عامــل وعاملــة، بنســبة نمــو %9 عــن عــام 2022م.",٤٣,181
ما هو اسم الناقل الجوي الوطني الجديد الذي تم إطلاقه في المملكة؟,وش اسم شركة الطيران الجديدة اللي سويناها؟,طيران الرياض.,"إطــاق ناقــل جــوي وطنــي جديــد تحــت مســمى ""طيــران الريــاض"" وذلــك بهــدف تعزيــز موقــع المملكــة االســتراتيجي الــذي يربــط بيــن ثــاث مــن أهــم قــارات العالــم.",٤٤,185
ما هي المنصة التي تم تطويرها لدعم اتخاذ القرار في المملكة؟,وش اسم المنصة اللي سويناها عشان تساعد في اتخاذ القرارات؟,"منصة ""استشراف"".","تطويـر منصــــة ""استشـراف"" لدعــــم اتخـاذ القـرار تعنـى بتقديـم رؤى وتنبـؤات مســــتقبلية لصنــاع القــــــرار فـــــــي المملكــة وتوفيــر أكثــر مــن 51 مليــار ريــال مــن الفــرص والوفــورات واإليــرادات، وأكثــر مــن 100 جهــة حكوميــة مســتفيدة، وأكثــر مــن ألــف دراســة تحليليــة لدعــم اتخــاذ القــرار.",٤٤,183
كم يبلغ حجم سوق الاتصالات وتقنية المعلومات المتوقع في المملكة لعام 2024؟,كم تتوقعون يكون حجم سوق الاتصالات والتقنية في 2024؟,172 مليار ريال.,"نمـو حجـم سـوق االتصـاالت وتقنيـة المعلومـات بنسـبة %6 عـن العـام 2023م، ووصـول حجـم السـوق إلـى 172 مليـار ريـال.",٤٥,193
ما هو عدد الجهات الحكومية التابعة لقطاع التعليم؟,كم عدد الجهات الحكومية اللي تبع قطاع التعليم؟,37 جهة.,عدد الجهات الحكومية 37 جهة التابعــــــــــــــــة للقطــــــــــــــــــــاع,٤٦,198
ما هو عدد الأسرة السعودية التي تسلمت منازلها في عام 2023؟,كم عدد الأسر السعودية اللي استلموا بيوتهم في 2023؟,أكثر من 66 ألف أسرة.,"تسـليم أكثـر مـن 66 ألـف أسـرة سـعودية منازلهـا وإطـاق أكثـر مـن 24 ألـف وحدة سـكنية بالشـراكة مـع المطوريـن العقارييـن، لرفـع نسـبة التملـك لألسـر السـعودية وتوفيـر مشـاريع سـكنية متكاملـة المرافـق وخدمـات ذات جـودة وفقـاً لمعاييـر جـودة الحيـاة، ممـا سـاهم فـي رفـع نسـبة التملـك لألسـر السـعودية وتمكيـن قطـاع التطويـر العقـاري السـكني مـن ّ تعزيــز المعــروض وتطويــر نمــاذج الشــراكات لتشــجيع االســتثمار ورفــع قــدرات المطوريــن العقاريين",٤٨,209
ما هو عدد المستفيدين من خدمة الإسعاف الجوي في عام 2023؟,كم عدد الناس اللي استفادوا من الإسعاف الجوي في 2023؟,964 مستفيد.,"تدشــين خدمــة اإلســعاف الجــوي حيــث بلغــت التغطيــة الســكانية نســبة ،%70 وتــم إســعاف عــدد 964 مســتفيد بمعــدل زيــادة %155 عــن العــام الســابق.",٥٠,217
ما هو عدد الميداليات التي حققتها المملكة في المسابقات الإقليمية والعالمية في عام 2023؟,كم ميدالية جبناها في المسابقات اللي صارت برا في 2023؟,60 ميدالية.,تحقيـق المملكـة العربيـة السـعودية لعـدد )60( مـن الميداليـات اإلقليميـة والعالميـة فـي ً عـدة مسـابقات ممـا سـاهم فـي تعزيـز صـورة المملكـة دوليـا.,٥١,229
ما هو عدد الوظائف التي تم توفيرها في القطاع الخاص بنهاية الربع الثالث من عام 2023؟,كم وظيفة صارت في القطاع الخاص بنهاية الربع الثالث من 2023؟,343 ألف فرصة عمل.,ارتفـاع معـدل السـعوديين فـي قـرارات التوطيـن وارتفـاع عددهـم فـي سـوق العمـل عبـر توفيـر 343 ألـف فرصـة عمـل ليصـل عـدد السـعوديين العامليـن فـي القطـاع الخـاص إلـى أكثـر مـن 2.3 مليـون بنهايـة الربـع الثالـث مـن العـام الحالـي.,٥٢,232
"ما هو الهدف من مشروع ""طروق السعودية""؟","وش الهدف من مشروع ""طرق السعودية""؟",توثيق جميع الفنون الأدائية والموسيقية في مناطق المملكة.,"إطـاق مشـروع ”طـروق السـعودية“ المعنـي بتوثيـق جميـع الفنـون األدائيـة والموسـيقية فــي مناطــق المملكــة بأكثــر مــن 250 فيديــو توثيقــي للفنــون األدائيــة والموســيقية، وتدويـن موسـيقي لعـدد 270 ً لحنً ـا تراثيـا، وإيجـاد مكتبـة موسـيقية إيقاعيـة شـاملة.",٥٢,239
ما هو عدد الجهات الحكومية التابعة لقطاع الموارد الاقتصادية؟,كم عدد الجهات الحكومية اللي تبع قطاع الموارد الاقتصادية؟,48 جهة.,عدد الجهات الحكومية 48 جهة التابعــــــــــــــــة للقطــــــــــــــــــــاع,٥٦,261
ما هو عدد الشتلات البرية التي تم إنتاجها في عام 2023 ضمن مبادرة السعودية الخضراء؟,كم شتلة برية زرعناها في 2023 في مبادرة السعودية الخضراء؟,أكثر من 3 مليون شتلة.,إنتــاج أكثــر مــن 3 مليــون شــتلة بريــة عبــر مشــاريع قصيــرة لتنميــة وزيــادة الغطــاء النباتــي وتحســين الظــروف المناخيــة مــن المســاهمة فــي التخفيــف مــن التصحــر وآثــاره ضمــن مبــادرة الســعودية الخضــراء.,٥٦,262
ما هي كمية السلع الغذائية الأساسية التي تم توفيرها في عام 2023 للمساهمة في تحقيق الأمن الغذائي؟,كم كمية الأكل الأساسي اللي وفرناها في 2023 عشان يكون عندنا اكتفاء ذاتي؟,أكثر من 10 مليون طن.,"المســاهمة فــي تحقيــق األمــن الغذائــي فــي المملكــة مــن خــال توفيــر أكثــر مــن 10 مليـون طـن مـن 12 سـلعة غذائيـة أساسـية، والمسـاهمة فـي توريـد أكثـر مـن 1 مليـون طـن مـن السـلع االسـتراتيجية محليـا،ً وتعزيـز المخـزون االسـتراتيجي بقيمـة أكثـر مـن 2.4 مليــار ريــال مــن المنتجــات الزراعيــة لضمــان اســتقرار سالســل االمــداد والتغذيــة.",٥٦,263
ما هي كمية السلع الإستراتيجية التي تم توريدها محلياً في عام 2023 للمساهمة في تحقيق الأمن الغذائي؟,كم كمية السلع الإستراتيجية اللي جبناها من داخل السعودية في 2023 عشان يكون عندنا اكتفاء ذاتي؟,أكثر من 1 مليون طن.,"المســاهمة فــي تحقيــق األمــن الغذائــي فــي المملكــة مــن خــال توفيــر أكثــر مــن 10 مليـون طـن مـن 12 سـلعة غذائيـة أساسـية، والمسـاهمة فـي توريـد أكثـر مـن 1 مليـون طـن مـن السـلع االسـتراتيجية محليـا،ً وتعزيـز المخـزون االسـتراتيجي بقيمـة أكثـر مـن 2.4 مليــار ريــال مــن المنتجــات الزراعيــة لضمــان اســتقرار سالســل االمــداد والتغذيــة.",٥٦,263
ما هو ترتيب المملكة في مؤشر سهولة بدء الأعمال في تقرير ريادة الأعمال العالمي لعام 2023؟,وش ترتيبنا في قائمة الدول اللي يسهل فيها الواحد يبدأ مشروع خاص في 2023؟,الأولى,"تحسـن ترتيـب المملكـة فـي تقريـر ريـادة األعمـال العالمـي فـي مجموعـة مـن المؤشـرات مــن أهمهــا تقــدم المملكــة إلــى المرتبــة الثانيــة مــن أصــل 49 دولــة فــي مؤشــر ريــادة األعمــال )NECI)، ومحافظتهــا علــى المرتبــة األولــى فــي عــدد مــن المؤشــرات الفرعيــة مثـل مؤشـر سـهولة البـدء فـي األعمـال، ومؤشـر توفـر الفـرص الجيـدة لبـدء عمـل تجـاري",٥٧,266
ما هي قيمة التمويل الذي قدمه صندوق التنمية الصناعي السعودي لأكبر مجمع هيدروجين أمونيا في العالم في نيوم؟,كم الفلوس اللي عطاها صندوق التنمية الصناعي لأكبر مجمع هيدروجين-أمونيا في العالم في نيوم؟,4.7 مليار ريال.,تمويـل صنـدوق التنميـة الصناعـي السـعودي ألكبـر مجمـع هيدروجيـن أمونيـا فـي العالـم فـي نيـوم بقيمـة 4.7 مليـار ريـال بمـا يتماشـى مـع تحقيـق رؤيـة السـعودية 2030 ومبـادرة السـعودية الخضـراء.,٥٧,268
ما هو عدد المنتجات التي تمت إضافتها إلى القائمة الإلزامية في لائحة التفضيل السعري الإضافي لتعزيز المحتوى المحلي الصناعي في المشتريات الحكومية؟,كم منتج أضفنا للقائمة الإلزامية في لائحة التفضيل السعري عشان ندعم الصناعة المحلية في المشتريات الحكومية؟,207 منتجات.,زيـادة المحتـوى المحلـي الصناعـي فـي المشـتريات الحكوميـة مـن خـال إدراج 207 منتـج مـن إجمالـي 264 منتجـاً للقائمـة اإللزاميـة فـي الئحـة التفضيـل السـعري اإلضافـي,٥٧,271
ما هو اسم المنصة التابعة للمنتدى الاقتصادي العالمي التي تم التعاون معها لإطلاق تحدي ابتكاري لتعزيز الأمن الغذائي في المناطق القاحلة؟,وش اسم المنصة اللي تبع المنتدى الاقتصادي العالمي اللي تعاونا معاهم عشان نسوي تحدي ابتكاري للأمن الغذائي في المناطق الجافة؟,Uplink,"إطالق تحدي ابتكاري لتعزيز األمن الغذائي في المناطق القاحلة ""Ecosystems Food Climates Arid in ""بالتعــاون مــع ""Uplink ""التابعــة للمنتــدى االقتصــادي العالمــي )WEF )لجمـع حلـول تسـاهم فـي توفيـر األغذيـة المحليـة فـي الـدول المتضـررة مـن شـح األمطـار والجفـاف والتصحـر، وذلـك لتحقيـق أهـداف التنميـة المسـتدامة وتعزيـز حضـور المملكـة الدولـي.",٥٨,274
"ما هي نسبة رضا المستفيد من منصة ""استثمر في السعودية""؟","كم نسبة رضا الناس عن منصة ""استثمر في السعودية""؟",93%,"حصـول منصـة ""اسـتثمر فـي السـعودية"" علــى المركـز األول مـع مســتوى )متقــدم( فـي منظـور ""رضـا المســتفيد” بنسـبة %93 علـى مسـتوى المملكـة.",٥٨,276
ما هو اسم المنصة الإلكترونية التي تم إطلاقها للحد من تعاملات الاقتصاد الخفي والتهرب الضريبي والتستر التجاري؟,وش اسم المنصة اللي سويناها عشان نقلل من الاقتصاد الخفي والتهرب الضريبي والتستر التجاري؟,فاتورة,تنفيــذ الفوتــرة اإللكترونيــة )فاتــورة( للحــد مــن تعامــات االقتصــاد الخفــي والتهــرب الضريبــي والتســتر التجــاري.,٥٩,281
ما هو ترتيب المملكة عالميًا في مؤشر عدد السياح الدوليين لعام 2022؟,وش ترتيبنا عالمياً في عدد السياح اللي جو عندنا في 2022؟,الثالث عشر,"حققـت المملكـة المرتبـة الــ 13 عالميـاً فـي مؤشـر عـدد السـياح الدولييـن لعـام 2022م، والمرتبـة الــ 11 عالميـاً فـي مؤشـر إيـرادات السـياحة الدوليـة لعـام 2022م، والمرتبـة الــ 2 عالميـاً فـي نسـبة نمـو السـياح الدولييـن للربـع األول مـن عـام 2023م.",٦٠,289
ما هو عدد وزراء السياحة الذين استضافتهم المملكة في يوم السياحة العالمي لعام 2023؟,كم وزير سياحة استضفناهم في يوم السياحة العالمي في 2023؟,أكثر من 50 وزير سياحة.,اسـتضافة يـوم السـياحة العالمـي لعـام 2023م فـي الريـاض والـذي اسـتضافت فيـه وزارة السـياحة أكثـر مـن 50 وزيـر سـياحة مـن مختلـف دول العالـم بمشـاركة أكثـر مـن 300 مـن قـادة القطـاع السـياحي فـي المملكـة باإلضافـة إلـى منظمـة السـياحة العالميـة بهـدف ً تبنـي عـدد مـن القـرارات الدوليـة وتعزيـز صـورة المملكـة دوليـا.,٦٠,290
"ما هو عدد المنشآت المستهدف تأهيلها في خدمة ""جدير"" لتمكين المنشآت الصغيرة والمتوسطة وتعزيز فرصها الاستثمارية؟","كم عدد الشركات الصغيرة والمتوسطة اللي نبي نساعدهم في خدمة ""جدير""؟",20 ألف منشأة في ٢٠٢٤,"الوصـول إلـى 20 ألـف منشـأة مؤهلـة فـي خدمـة جديـر، بهـدف تمكيـن المنشـآت الصغيـرة والمتوسـطة وتعزيـز فرصهـا االسـتثمارية فـي القطاعين العـام والخاص.",٦٠,291
ما هي قيمة التسهيلات الائتمانية التي تم صرفها للمصدرين السعوديين ولمستوردي السلع والمنتجات السعودية غير النفطية؟,كم قيمة القروض اللي عطيناها للمصدرين السعوديين واللي يستوردون منتجات سعودية غير نفطية؟,8.8 مليار ريال.,صـرف تسـهيالت ائتمانيـة بقيمـة 8.8 مليـار ريـال وتغطيـة تأمينيـة بقيمـة 6.8 مليـار ريـال للمصدريـن السـعوديين ولمسـتوردي السـلع والمنتجـات السـعودية غيـر النفطيـة؛ لتمكيـن المصدريــن الســعوديين مــن زيــادة صادراتهــم غيــر النفطيــة بمــا ينعكــس باإليجــاب علــى نسـبة الصـادرات السـعودية غيـر النفطيـة وتحسـين ميـزان المدفوعـات.,٦٠,294
ما هو عدد الوظائف المستهدف خلقها في قطاع الكهرباء والمعدات والأجهزة الكهربائية في عام 2024؟,كم وظيفة نبي نوفرها في قطاع الكهرباء والأجهزة الكهربائية في 2024؟,1.9 ألف وظيفة.,"جـذب اسـتثمارات جديـدة فـي قطـاع اآلالت والمعـدات واألجهـزة الكهربائيـة تصـل إلـى 669 مليـون ريـال، وذلـك تبعـاً لمسـتهدفات اسـتراتيجية قطـاع اآلالت والمعـدات، وخلـق وظائـف بعـدد 1.9 ألـف وظيفـة للعـام 2024م.",٦٠,295
كم عدد المواقع التي سيتم طرحها للمنافسات التعدينية لترخيص الكشف عن المعادن في عام 2024؟,كم موقع بنطرحه للمنافسات عشان نرخص للناس يستكشفون عن المعادن في 2024؟,أكثر من 10 مواقع.,طـرح أكثـر مـن 10 موقـع للمنافسـات التعدينيـة لرخـص الكشـف لجـذب وتحفيـز القطـاع وزيـادة معـدل اإلنفـاق علـى االستكشـاف التعدينـي فـي المملكـة.,٦٠,295
كم يبلغ حجم الإنفاق السياحي المتوقع تحقيقه في عام 2024؟,كم تتوقعون يصير حجم فلوس السياحة في 2024؟,289 مليار ريال.,تحقيــق 289 مليــار ريــال كإجمالــي حجــم إنفــاق ســياحي؛ بحيــث يســهم مباشــرة فــي االقتصـاد المحلـي ورفـع المـوارد غيـر النفطيـة ودعـم القطـاع الخـاص بتوفيـر طلـب أعلـى فــي القطــاع الســياحي.,٦١,306
ما هو الهدف من الاستراتيجية الوطنية للصناعة؟,وش الهدف من الاستراتيجية الوطنية للصناعة؟,"اقتصـــاد صناعـــي جـــاذب لالستثمار، يحقق التنـــوع االقتصادي، وينمي الناتـــج المحلــي والصـادرات ُ غيـــر النفطيـــة، ويتســم ُ بالمرونــة ويحقــق االســتدامة والتنافســية، ويعطــي لمســتهدفات رؤيــة السـعودية 2030 مالمحهـا فـي قيـادة التكامـل اإلقليمـي الصناعـي، وتحقيـق الريـادة العالميـة ُ فـي صناعـاتٍ مختـارة.","وحيـث إن التنميـة االقتصاديـة البـد لهـا مـن ذراع صناعـي يدفـع بالمجـال نحـو التقـدم، ومـن ُطلقت فـــي عـــام 2022م، التي تطمح إلى هنا تشكّ لت االستراتيجية الوطنيـــة للصناعـــة التي أ ُ اقتصـــاد صناعـــي جـــاذب لالستثمار، يحقق التنـــوع االقتصادي، وينمي الناتـــج المحلــي والصـادرات ُ غيـــر النفطيـــة، ويتســم ُ بالمرونــة ويحقــق االســتدامة والتنافســية، ويعطــي لمســتهدفات رؤيــة السـعودية 2030 مالمحهـا فـي قيـادة التكامـل اإلقليمـي الصناعـي، وتحقيـق الريـادة العالميـة ُ فـي صناعـاتٍ مختـارة.",٧٢,365
ما هي نسبة مساهمة قطاع السياحة في الناتج المحلي الإجمالي التي تستهدفها المملكة؟,كم نسبة مساهمة قطاع السياحة في الاقتصاد (الفلوس اللي نكسبها كلنا) اللي نبي نوصل لها؟,10% في 2030,"وعلــى جانــب تطويــر القطاعــات الواعــدة تأتــي االســتراتيجية الوطنيــــة للســــياحة التــي ُطلقـــت فـــي عـــام 2019م؛ لتنميـــة الســـياحة واســتدامتها ضمـن رؤيـة الســعودية ،2030 التـي أ تهدف إلى توفيـــر منظومـــة متكاملـــة مــن الخدمــات والعــروض للســياح، إضافــة إلــى توفيــر بيئــة اسـتثمارية جاذبـة للمسـتثمرين، ينتـج عنهـا اســتحداث المزيــد مــن الوظائــف فــي قطــاع الســياحة. كذلك يســـتهدف أن يســـاهم القطـــاع بــ 10 ً % فــي الناتــج المحلــي اإلجمالي.",٧٢,366
ما هي أهداف صندوق التنمية الزراعية؟,وش أهداف صندوق التنمية الزراعية؟,"المساهمة في تعزيز الأمن الغذائي مع الحفاظ على الموارد الطبيعية، والنمو الاقتصادي والتنمية الريفية الزراعية المستدامة، وتوفير أفضل وسائل التمويل والخدمات المميزة عبر الشراكات الاستراتيجية؛ لتعزيز الاستدامة المالية، وتطوير الكفاءات البشرية، وتحقيق التميز التشغيلي ضمن سياسة مخاطر سليمة.","ويســاهم الصنــدوق فــي تعزيــز األمــن الغذائــي مــع الحفــاظ علــى المــوارد الطبيعيــة، والنمــو االقتصــادي والتنميــة الريفيــة الزراعيــة المســتدامة، وتوفيــر أفضــل وســائل التمويــل والخدمــات المميــزة عبــر الشــراكات االســتراتيجية؛ لتعزيــز االســتدامة الماليــة، وتطويــر الكفــاءات البشــرية، وتحقيــق التميــز التشــغيلي ضمــن سياســة مخاطــر ســليمة.",٨٠,405
ما هو حجم القروض التي قدمها الصندوق السعودي للتنمية في عام 2023م؟,كم قيمة القروض اللي عطاها الصندوق السعودي للتنمية في 2023؟,تجاوزت 7.1 مليار ريال.,"سـاهم الصنـدوق السـعودي للتنميـة فـي تعزيـز عالقـات المملكـة مـع مختلـف الـدول الناميـة لدفـع عجلـة التنميـة االقتصاديـة المسـتدامة ودعـم عمـل المنظمـات الدوليـة، ومـن أبـرز منجـزات الصنـدوق خـال عـام 2023م تقديـم قـروض تنمويـة تجـاوزت 7.1 مليـار ريـال فـي 28 دولـة ناميـة، وتقديـم منـح تجـاوزت 2.6 مليـار ريـال لتنفيـذ مشـروعات وبرامـج انمائيـة.",٨٢,420
ما هي نسبة المنشآت الصغيرة والمتوسطة ومتناهية الصغر  من المنشآت التي استفادت من برامج دعم صندوق تنمية الموارد البشرية؟,كم نسبة الشركات الصغيرة والمتوسطة ومتناهية الصغر اللي استفادت من برامج دعم صندوق تنمية الموارد البشرية؟,89%,"ومــن أهــم منجــزات الصنــدوق حتــى نهايــة الربــع الثالــث مــن عــام 2023م، الدعــم والتدريــب والتمكيــن واإلرشــاد ألكثــر مــن 1,683 ً مليــون مســتفيدا ومســتفيدة بحوالــي 6.98 مليــار ريــال، كمـا بلـغ عـدد أصحـاب العمـل المسـتفيدين مـن برامـج الصنـدوق 97 ألفـاً مـن مختلـف مناطـق المملكــة، منهــا نحــو %89 مــن المنشــآت المتوســطة والصغيــرة والمتناهيــة الصغــر تعمــل فــي كافـة القطاعـات الحيويـة فـي المملكـة مـن برامـج دعـم الصنـدوق. كمـا سـاهم الصنـدوق فـي دعــم توظيــف نحــو 288 ألــف مواطــن ومواطنــة للعمــل فــي منشــآت القطــاع الخــاص وحافــظ علــى مســتوى رضــا عمــاء فــوق %90 مــن الشــركات واألفــراد.",٨٤,433
ما هي قيمة الاتفاقيات التي وقعها صندوق تنمية الموارد البشرية في عام 2023م لدعم التدريب في القطاعات ذات النمو المرتفع؟,كم قيمة الاتفاقيات اللي وقعها صندوق تنمية الموارد البشرية في 2023 عشان يدعم التدريب في القطاعات اللي فيها نمو عالي؟,1.5 مليار ريال.,"وقـد أكمـل الصنـدوق جهـوده فـي تصميـم االسـتراتيجية القطاعيـة لبنـاء شـراكات مـع الجهـات والقطاعــات، كمــا وقــع الصنــدوق فــي عــام 2023م قرابــة 24 اتفاقيــة بقيمــة 1.5 مليــار ريــال لدعـم التدريـب فـي القطاعـات ذات النمـو المرتفـع مثـل السـياحة والصناعـة واالتصـاالت وتقنيـة المعلومـات.",٨٥,436
ما هي القطاعات المستهدفة في الاتفاقيات التي وقعها صندوق تنمية الموارد البشرية لدعم التدريب؟,وش القطاعات اللي ركزوا عليها في الاتفاقيات اللي وقعها صندوق تنمية الموارد البشرية عشان يدربون الناس؟,مثل السياحة والصناعة والاتصالات وتقنية المعلومات.,"وقـد أكمـل الصنـدوق جهـوده فـي تصميـم االسـتراتيجية القطاعيـة لبنـاء شـراكات مـع الجهـات والقطاعــات، كمــا وقــع الصنــدوق فــي عــام 2023م قرابــة 24 اتفاقيــة بقيمــة 1.5 مليــار ريــال لدعـم التدريـب فـي القطاعـات ذات النمـو المرتفـع مثـل السـياحة والصناعـة واالتصـاالت وتقنيـة المعلومـات.",٨٥,436
ما هو عدد الوظائف التي تم استحداثها في القطاع الثقافي حتى نهاية الربع الثالث من عام 2023م؟,كم وظيفة جديدة صارت في قطاع الثقافة لين نهاية الربع الثالث من 2023؟,"1,947 وظيفة.","منــذ تأســيس الصنــدوق وحتــى نهايــة الربــع الثالــث مــن عــام 2023م، تــم إطــا ً ق عــددا مــن البرامـج ودعـم مـا يقـارب المئـة منشـأة والتـي لعبـت دور فـي إثـراء االقتصـاد الوطنـي وتنويعـه. حيـث تـم اسـتحداث 1,947 وظيفـة فـي القطـاع الثقافـي وبلغـت قيمـة المسـاهمة فـي إجمالـي الناتـج المحلـي فـي المملكـة 310 مليـون ريـال.",٨٨,461
ما هو عدد الجهات الحكومية التي تم تمكينها من استخدام خدمة التعاقد الرقمي؟,كم جهة حكومية صاروا يقدرون يستخدمون خدمة التعاقد الرقمي؟,135 جهة حكومية.,"باإلضافـة إلـى إطـاق خدمـة التعاقـد الرقمـي لــ 135 جهـة حكوميـة، حيـث جـرى توقيـع 365 عقـد رقمـي، نتـج عنـه آثـار إيجابيـة منهـا تسـريع إجـراءات التعاقـد بيـن الجهـة الحكوميـة والقطـاع الخــاص، ورفــع مســتوى جــودة المشــاريع الحكوميــة عبــر إشــراك وتمكيــن القطــاع الخــاص. كمــا أطلـق المركـز خدمـة مـزاد اعتمـاد لتمكيـن القطـاع الحكومـي من طرح المـزادات الحكومية، والذي ّ ســيكون لــه أثــر فعــال فــي تمكيــن االســتخدام األمثــل لألصــول والممتلــكات العامــة، وتعظيــم اإليـرادات غيـر النفطيـة للجهـات الحكوميـة، بمـا يعـزز النهضـة االقتصاديـة والتنمويـة فـي المملكـة.",٩٠,475
ما هو الهدف من إنشاء المختبر المتخصص لتجربة المستخدم في المركز الوطني لنظم الموارد الحكومية؟,وش الهدف من إنشاء المختبر حق تجربة المستخدم في المركز الوطني لنظم الموارد الحكومية؟,اختبار وتقييم ودراسة تفاعل المستخدم مع المنتج وتحليل ردود الأفعال والسلوكيات لتحسين المنتجات وتقديم تجربة مستخدم مثالية ومميزة.,"يْعنَ ـى المركـز الوطنـي لنظـم المـوارد الحكوميـة بإرسـاء أسس الممارسات الرقمية الاحترافية في إدارة الموارد الحكومية واالبتكار والتطوير وإدارة نظم الموارد المالية والبشـرية والمشـتريات
الحكوميـة، حيـث حقـق خـال عـام 2023 ّ م منجـزات رقميـة نوعيـة بتدشـين أول معمـل متخصـص
لتجربـة المسـتخدم علـى مسـتوى القطـاع الحكومـي، ويتضمـن المعمـل مجموعـة مـن التقنيـات
الذكيـة والحديثـة الختبـار وتقييـم ودراسـة تفاعـل المسـتخدم مـع المنتـج وتحليـل ردود األفعـال
والسـلوكيات؛ لتحسـين المنتجـات وتقديـم تجربـة مسـتخدم مثاليـة ومميـزة، حيـث تـم إجـراء 1,500
اختبــار خــال العــام علــى 25 ً منتج ً ــا رقميــا، وســاهم بتعزيــز رضــا مســتخدمي المنتجــات المحســنة
فـي المعمـل بنسـبة .%90",٩٠,473
ما هو عدد الاختبارات التي أجريت في المختبر المتخصص لتجربة المستخدم خلال العام؟,كم اختبار سووه في المختبر حق تجربة المستخدم طول السنة؟,"1,500 اختبار.","يْعنَ ـى المركـز الوطنـي لنظـم المـوارد الحكوميـة بإرسـاء أسس الممارسات الرقمية الاحترافية في إدارة الموارد الحكومية واالبتكار والتطوير وإدارة نظم الموارد المالية والبشـرية والمشـتريات
الحكوميـة، حيـث حقـق خـال عـام 2023 ّ م منجـزات رقميـة نوعيـة بتدشـين أول معمـل متخصـص
لتجربـة المسـتخدم علـى مسـتوى القطـاع الحكومـي، ويتضمـن المعمـل مجموعـة مـن التقنيـات
الذكيـة والحديثـة الختبـار وتقييـم ودراسـة تفاعـل المسـتخدم مـع المنتـج وتحليـل ردود األفعـال
والسـلوكيات؛ لتحسـين المنتجـات وتقديـم تجربـة مسـتخدم مثاليـة ومميـزة، حيـث تـم إجـراء 1,500
اختبــار خــال العــام علــى 25 ً منتج ً ــا رقميــا، وســاهم بتعزيــز رضــا مســتخدمي المنتجــات المحســنة
فـي المعمـل بنسـبة .%90",٩٠,473
ما هو عدد المنتجات الرقمية التي تم اختبارها في المختبر المتخصص لتجربة المستخدم؟,كم منتج رقمي اختبروه في المختبر حق تجربة المستخدم؟,25 منتجاً.,"يْعنَ ـى المركـز الوطنـي لنظـم المـوارد الحكوميـة بإرسـاء أسس الممارسات الرقمية الاحترافية في إدارة الموارد الحكومية واالبتكار والتطوير وإدارة نظم الموارد المالية والبشـرية والمشـتريات
الحكوميـة، حيـث حقـق خـال عـام 2023 ّ م منجـزات رقميـة نوعيـة بتدشـين أول معمـل متخصـص
لتجربـة المسـتخدم علـى مسـتوى القطـاع الحكومـي، ويتضمـن المعمـل مجموعـة مـن التقنيـات
الذكيـة والحديثـة الختبـار وتقييـم ودراسـة تفاعـل المسـتخدم مـع المنتـج وتحليـل ردود األفعـال
والسـلوكيات؛ لتحسـين المنتجـات وتقديـم تجربـة مسـتخدم مثاليـة ومميـزة، حيـث تـم إجـراء 1,500
اختبــار خــال العــام علــى 25 ً منتج ً ــا رقميــا، وســاهم بتعزيــز رضــا مســتخدمي المنتجــات المحســنة
فـي المعمـل بنسـبة .%90",٩٠,473
ما هو الهدف من إنشاء معمل البيانات في المركز الوطني لنظم الموارد الحكومية؟,وش الهدف من إنشاء معمل البيانات في المركز الوطني لنظم الموارد الحكومية؟,دعم القطاع الحكومي عبر استكشاف البيانات وتحليلها ومواءمتها مع احتياجات المستفيدين وتعظيم الاستفادة منها باستخدام أحدث التقنيات لتحسين التخطيط وتعزيز كفاءة اتخاذ القرار.,"كمــا دشــن المركــز معمــل البيانــات الــذي يدعــم القطــاع الحكومــي عبــر استكشــاف البيانــات وتحليلهــا وموائمتهــا مــع احتياجــات المســتفيدين، وتعظيــم االســتفادة منهــا باســتخدام أحــدث التقنيــات؛ لتحســين التخطيــط وتعزيــز كفــاءة اتخــاذ القــرار.",٩٠,473
"ما هو الهدف من خدمة ""مزاد اعتماد"" التي أطلقها المركز الوطني لنظم الموارد الحكومية؟","وش الهدف من خدمة ""مزاد اعتماد"" اللي طلعها المركز الوطني لنظم الموارد الحكومية؟",تمكين القطاع الحكومي من طرح المزادات الحكومية بما يمكن من الاستخدام الأمثل للاصول والممتلكات العامة وتعظيم الإيرادات غير النفطية للجهات الحكومية بما يعزز النهضة الاقتصادية والتنموية في المملكة.,"أطلـق المركـز خدمـة مـزاد اعتمـاد لتمكيـن القطـاع الحكومـي من طرح المـزادات الحكومية، والذي ّ ســيكون لــه أثــر فعــال فــي تمكيــن االســتخدام األمثــل لألصــول والممتلــكات العامــة، وتعظيــم اإليـرادات غيـر النفطيـة للجهـات الحكوميـة، بمـا يعـزز النهضـة االقتصاديـة والتنمويـة فـي المملكـة.",٩٠,475
ما هو الهدف من نظامي التأمين الطبي والدوائر الرقمية في سوق اعتماد؟,وش الهدف من نظامي التأمين الطبي والدوائر الرقمية في سوق اعتماد؟,حوكمة إجراءات المشتريات الحكومية وتمكين تفعيل الاتفاقيات الإطارية المستقبلية بمرونة ويسر بما يعزز الشفافية والفاعلية في إجراءات الشراء الحكومي.,"إلـى جانـب ذلـك أطلـق المركـز نظامـي التأميـن الطبـي، والدوائـر الرقميـة فـي سـوق اعتمـاد، والتـي أسـهمت فـي حوكمـة إجـراءات المشـتريات الحكوميـة، وتمكيـن تفعيـل االتفاقيـات اإلطاريـة المسـتقبلية بمرونة ويسـر، بما يعزز الشـفافية والفاعلية في إجراءات الشـراء الحكومي، إلى جانب تحقيـق التكامـل اإللكترونـي بيـن سـوق اعتمـاد والنظـام المالـي لتسـهيل حجـز الميزانيـة وأتمتـة إصـدار المطالبـات الماليـة، وهـذا بـدوره سـاهم فـي رفـع مسـتوى سـرعة السـداد للمسـتحقات الماليـة لمـوردي سـوق اعتمـاد.",٩٠,476
ما هو ترتيب المركز الوطني لنظم الموارد الحكومية في مؤشر نضج التجربة الرقمية لعام 2023م؟,وش ترتيب المركز الوطني لنظم الموارد الحكومية في مؤشر نضج التجربة الرقمية في 2023؟,"المرتبة الأولى بمستوى ""متقدم"".","وفــي إطــار تحســين تجربــة المســتفيد حقــق المركــز المرتبــة األولــى بمســتوى )متقــدم( فــي منظــور التعامــل مــع الشــكاوى علــى مســتوى كافــة المنصــات الرقميــة المشــاركة فــي مؤشــر نضـج التجربـة الرقميـة لعـام 2023م، وسـاهم فـي تمكيـن 1,169 جهـة حكوميـة مـن اسـتخدام األنظمــة الوطنيــة وخدمــات وزارة الماليــة والمركــز الوطنــي لنظــم المــوارد الحكوميــة، وتحســين كفــاءة وتيســير إجــراءات الخدمــات الحكوميــة، ودعــم التحــول الرقمــي، وتعزيــز الريــادة الرقميــة ً للمملكــة عالميــا.",٩٠,477
ما هي نسبة النمو المتوقع أن يحققها الاقتصاد العالمي خلال العام المقبل؟,كم تتوقعون يكون نمو الاقتصاد العالمي السنة الجاية؟,2.90%,"تشـير توقعـات صنـدوق ً النقـد الدولـي إلـى تباطـؤ النمـو العالمـي علـى المـدى المتوسـط حيـث يتوقـع نمـوا بنسـبة %3 خـال العـام الحالـي وبنسـبة %2.9 خـال العـام القـادم؛ محققً ـا بذلـك أقـل مـن متوسـط النمـو خـال العقـد األخيـر لمـا قبـل الجائحـة فـي المـدة مـن 2019-2000م والبالـغ نحـو ،%3.8 وترتفـع ُ احتماليـة حـدوث المخاطـر المحيطـة باالقتصـادات المتقدمـة واألسـواق الصاعـدة، إذ يتوقـع أن تشــهد منطقــة اليــورو النمــو األضعــف خــا ً ل العاميــن القادمــة، فــي حيــن تواجــه الصيــن أزمــة عقاريـة يتجـاوز أثرهـا االقتصـاد الصينـي، حيـث تعـد واحـدة مـن أهـم المخاطـر المحيطـة باالقتصـاد ً العالمـي، خاصـة مـع الشـركاء التجارييـن للصيـن والمصدريـن للسـلع األساسـية",٩٢,484
ما هي نسبة النمو المتوقعة لمنطقة اليورو خلال العامين القادمين؟,كم تتوقعون يكون نمو اقتصاد دول اليورو في السنتين الجايين؟,نمو ضعيف,"تشـير توقعـات صنـدوق ً النقـد الدولـي إلـى تباطـؤ النمـو العالمـي علـى المـدى المتوسـط حيـث يتوقـع نمـوا بنسـبة %3 خـال العـام الحالـي وبنسـبة %2.9 خـال العـام القـادم؛ محققً ـا بذلـك أقـل مـن متوسـط النمـو خـال العقـد األخيـر لمـا قبـل الجائحـة فـي المـدة مـن 2019-2000م والبالـغ نحـو ،%3.8 وترتفـع ُ احتماليـة حـدوث المخاطـر المحيطـة باالقتصـادات المتقدمـة واألسـواق الصاعـدة، إذ يتوقـع أن تشــهد منطقــة اليــورو النمــو األضعــف خــا ً ل العاميــن القادمــة، فــي حيــن تواجــه الصيــن أزمــة عقاريـة يتجـاوز أثرهـا االقتصـاد الصينـي، حيـث تعـد واحـدة مـن أهـم المخاطـر المحيطـة باالقتصـاد ً العالمـي، خاصـة مـع الشـركاء التجارييـن للصيـن والمصدريـن للسـلع األساسـية",٩٢,484
ما هو مقدار الزيادة المتوقعة في الطلب العالمي على البترول لعام 2024 مقارنة بعام 2023؟,كم الزيادة اللي متوقعينها في الطلب العالمي على البترول في 2024 مقارنة بـ 2023؟,2.2 مليون برميل/يوميا في 2024 مقارنة بزيادة حوالي 2.5 مليون برميل/يوميا في 2023,"كمــا خفضــت منظمــة الــدول المصــدرة للنفــط )أوبــك( توقعاتهــا إلجمالــي الطلــب العالمــي خــال الربــع األخيــر مــن العــام الحالــي والربــع األول مــن عــام 2024م، مــع اســتمرار نمــو الطلــب العالمـي علـى البتـرول ليزيـد بحوالـي 2.2 مليـون برميـل/ يوميـاً فـي عـام 2024م مقارنـة بــزيادة حوالـي 2.5 مليـون برميل/يوميـاً فـي عـام 2023م. مدفوعـاً بتوقعـات زيـادة الطلـب مـن الصيـن.",٩٤,494
ما هي الدولة التي ساهمت زيادة طلبها المتوقعة على البترول في عام 2024؟,وش الدولة اللي متوقعين يزيد طلبها على البترول في 2024؟,الصين,"كمــا خفضــت منظمــة الــدول المصــدرة للنفــط )أوبــك( توقعاتهــا إلجمالــي الطلــب العالمــي خــال الربــع األخيــر مــن العــام الحالــي والربــع األول مــن عــام 2024م، مــع اســتمرار نمــو الطلــب العالمـي علـى البتـرول ليزيـد بحوالـي 2.2 مليـون برميـل/ يوميـاً فـي عـام 2024م مقارنـة بــزيادة حوالـي 2.5 مليـون برميل/يوميـاً فـي عـام 2023م. مدفوعـاً بتوقعـات زيـادة الطلـب مـن الصيـن.",٩٤,494
 ما هو العامل الذي قد يساهم في تحسين أداء الاقتصاد العالمي وتغيير اتجاه التحديات الحالية؟,وش الشيء اللي ممكن يحسن الاقتصاد العالمي ويغير الوضع الحالي للأحسن؟,تراجع معدل التضخم العالمي بوتيرة أسرع من المتوقع والبدء بخفض أسعار الفائدة الأمريكية,"علـى الرغـم مـن اسـتمرار حالـة عـدم اليقيـن والتحديـات التـي مازالـت تؤثر علـى اقتصادات الدول المتقدمـة والناشـئة، إال أن هنـاك عوامـل إيجابيـة قـد تغيـر مـن اتجـاه هـذه التحديـات لتحسـن مـن أداء االقتصــاد العالمــي، كتراجــع معــدالت التضخــم العالميــة بوتيــرة أســرع مــن المتوقــع والبــدء بخفـض أسـعار الفائـدة األمريكيـة بـدءاً مـن العـام المقبـل. ممـا يحفـز أسـواق االسـتثمار ويحافـظ ً علـى معـدالت البطالـة عنـد مسـتويات منخفضـة وينعكـس إيجابـا علـى نمـو االقتصـاد العالمـي وكذلـك علـى اقتصـاد المملكـة.",٩٦,509
ما هو البرنامج الذي أطلقته المملكة بهدف تحويلها إلى قوة صناعية رائدة ومنصة لوجستية عالمية؟,وش اسم البرنامج اللي بدأنا فيه عشان نحول السعودية لدولة صناعية قوية ومركز لوجستي عالمي؟,برنامج تطوير الصناعة الوطنية والخدمات اللوجستية,حيـث أطلقـت المملكـة عـدة برامـج ومبـادرات لتعزيـز المحتـوى المحلـي منهـا برنامـج تطويـر الصناعـة الوطنيـة والخدمـات اللوجسـتية والـذي يهـدف إلـى تحويـل المملكـة إلـى قـوه صناعيـة رائـدة ومنصـة لوجسـتية عالميـة,٩٧,511
في أي شهر تصدر الميزانية العامة؟,في أي شهر تطلع الميزانية العامة؟,NA,,,
هل تتبع الوثيقة تصنيف LSTM؟,هل الميزانية تتبع تصنيف LSTM؟,NA,,,
هل المناطق الاقتصادية في السعودية أكثر منها في الامارات؟,هل المناطق الاقتصادية عندنا أكثر من اللي في الإمارات؟,NA,,,
كم استثمر صندوق الاستثمارات العامة في لوسيد؟,كم استثمر صندوق الاستثمارات العامة في شركة لوسيد؟,NA,,,
ما نسبة التغير في الناتج المحلي للانشطة غير النفطية للنصف الأول من عام ٢٠٢٠ مقارنة بالسنة السابقة ,كم تغير الناتج المحلي للأنشطة غير النفطية في النصف الأول من 2020 مقارنة بالسنة اللي قبلها؟,NA,,,
ما معدل التضخم خلال شهر مايو فقط في ٢٠٢٣؟,كم كان التضخم في شهر مايو بس في 2023؟,NA,,,
ما أعلى نسبة تطابق الانفاق الحكومي للميزانية المعتمدة خلال اخر ٢٠ عام؟,وش أعلى نسبة تطابق بين الإنفاق الحكومي والميزانية المعتمدة في آخر 20 سنة؟,NA,,,
كيف ستؤثر خطة الانفاق للاعوام القادمة على أصول صندوق الاستثمارات العامة؟,وش تأثير خطة الإنفاق للسنين الجاية على أصول صندوق الاستثمارات العامة؟,NA,,,
ما العجز المتوقع لعام ٢٠٢٩؟,كم تتوقعون يكون العجز في 2029؟,NA,,,
كم تنوي الحكومة الاقتراض من الصين؟,كم الحكومة ناوية تقترض من الصين؟,NA,,,
كيف اثرت الازمة السودانية على الإيرادات؟,وش تأثير الأزمة في السودان على الإيرادات؟,NA,,,
ما هي تداعيات ازمة كورونا على انتاج النفط في فنزويلا؟,وش تأثير أزمة كورونا على إنتاج البترول في فنزويلا؟,NA,,,
لماذا حدد المستوى المحايد لمؤشر مديري المشتريات ب٥٠ نقطة؟,ليش حطوا المستوى الطبيعي لمؤشر مديري المشتريات عند 50 نقطة؟,NA,,,
ما تأثير الازمة الروسية الأوكرانية على أسعار توافر القمح؟,وش تأثير الأزمة اللي بين روسيا وأوكرانيا على أسعار القمح؟,NA,,,
ما هو معدل النمو في عدد السياح الوافدين منذ بداية العام الحالي وحتى شهر يوليو في محافظة الاحساء؟,كم زاد عدد السياح اللي جو الأحساء من بداية السنة لين شهر يوليو؟,NA,,,
ما هو معدل البطالة بين الذكور السعوديين في الربع الثاني من عام 2023؟,كم نسبة البطالة بين الشباب السعودي في الربع الثاني من 2023؟,NA,,,
ما هو المستهدف لرؤية السعودية 2030 بشأن مشاركة المرأة في الشركات الاستشارية؟,وش الهدف اللي حاطينه في رؤية 2030 بالنسبة لمشاركة الحريم في الشركات الاستشارية؟,NA,,,
ما هو معدل النمو في الرقم القياسي لأسعار المستهلك في الولايات المتحدة الامريكية؟,كم زادت أسعار الأشياء اللي يشترونها الناس في أمريكا؟,NA,,,
ما هي نسبة النفقات الوسيطة والرأسمالية من إجمالي النفقات؟,كم نسبة المصاريف الوسيطة والرأسمالية من كل المصاريف؟,NA,,,
ما هي نسبة النمو في التسهيلات الممنوحة للشركات الحكومية في نهاية الربع الثالث من عام 2023م؟,كم زادت التسهيلات اللي عطيتوها للشركات الحكومية بنهاية الربع الثالث من 2023؟,NA,,,
ما هو معدل نمو الودائع تحت الطلب حتى نهاية شهر ابريل من عام 2023م؟,كم زادت الودائع تحت الطلب لين نهاية شهر أبريل من 2023؟,NA,,,
ما هو معدل انخفاض مؤشر الأهلي المرن بنهاية الربع الثالث من عام 2023م مقارنة بالفترة نفسها من العام الماضي؟,كم نقص مؤشر الأهلي المرن بنهاية الربع الثالث من 2023 مقارنة بنفس الفترة من السنة اللي قبلها؟,NA,,,
"ما هو الهدف من برنامج ""فريد""؟","وش الهدف من برنامج ""فريد""؟",NA,,,
ما هي الأندية الرياضية التي شملها برنامج التخصيص؟,وش الأندية الرياضية اللي شملها برنامج التخصيص؟,NA,,,
ما هو المستهدف للناتج المحلي الصناعي في عام 2040م وفقاً للستراتيجية الوطنية للصناعة؟,كم تتوقعون يكون إنتاج المصانع في 2040 حسب الخطة اللي حاطينها؟,NA,,,
ما هي نسبة العجز المتوقعة في الميزانية لعام 2023م كنسبة مئوية من الناتج المحلي الإجمالي القطري؟,كم تتوقعون يكون العجز في الميزانية في 2023 كنسبة من الاقتصاد القطري؟,NA,,,
ما هو السبب الرئيسي لزيادة الإنفاق على باب المنافع السياسية لعام 2023م؟,وش السبب الرئيسي لزيادة المصاريف على باب المنافع السياسية في 2023؟,NA,,,
هل سوف ترتفع تعويضات العاملين لعام 2024م؟,هل بتزيد رواتب الموظفين في 2024؟,NA,,,
ما هو مستهدف إجمالي الدين العام في نهاية عام 2023م؟,كم تتوقعون يكون مجموع الديون اللي على الحكومة بنهاية 2023؟,NA,,,
ما هي انواع إيرادات ضريبة الدخل والأرباح والمكاسب الرأسمالية؟,وش أنواع الإيرادات اللي تجي من ضريبة الدخل والأرباح والمكاسب الرأسمالية؟,NA,,,
ما هو سبب ارتفاع إيرادات الضرائب على التبغ في عام 2024 مقارنة بالعام 2023؟,ليش زادت ايرادات الضرايب على التبغ في 2024 عن 2023؟,NA,,,
ما هو مستهدف إجمالي الإيرادات غير الضريبية المتوقع في عام ٢٠٣٠؟,كم تتوقعون تكون الإيرادات اللي مو من الضرايب في 2030؟,NA,,,
ما هي نسبة النفقات التأسيسية من إجمالي النفقات في عام 2024؟,كم نسبة المصاريف التأسيسية من كل المصاريف في 2024؟,NA,,,
كم عدد الجهات الحكومية التابعة لقطاع الدفاع؟,كم عدد الجهات الحكومية اللي تبع قطاع الدفاع؟,NA,,,
متى سوف تبدأ رحلات الناقل الجوي الوطني الجديد الذي تم إطلاقه في المملكة؟,متى بتبدأ رحلات شركة الطيران الجديدة اللي سويناها؟,NA,,,
ما هي عدد الجهات الحكومية التابعة لقطاع التعليم؟,كم عدد الجهات الحكومية اللي تبع قطاع التعليم؟,NA,,,
في أي شهر اطلقت منصة استشراف؟,في أي شهر طلعتوا منصة استشراف؟,NA,,,
ما نوع الميداليات التي حققتها المملكة في المسابقات الإقليمية والعالمية في عام 2023؟,وش أنواع الميداليات اللي جبناها في المسابقات اللي صارت برا في 2023؟,NA,,,
"ما اسم مدير مشروع ""طروق السعودية""؟","مين مدير مشروع ""طرق السعودية""؟",NA,,,
ما هو نوع الشتلات البرية التي تم إنتاجها في عام 2023 ضمن مبادرة السعودية الخضراء؟,وش نوع الشتلات البرية اللي زرعتوها في 2023 في مبادرة السعودية الخضراء؟,NA,,,
ما هي السلع الغذائية الأساسية التي تم توفيرها في عام 2023 للمساهمة في تحقيق الأمن الغذائي؟,وش أنواع الأكل الأساسي اللي وفرتوها في 2023 عشان يكون عندنا اكتفاء ذاتي؟,NA,,,
ما هو ترتيب البحرين في مؤشر سهولة بدء الأعمال في تقرير ريادة الأعمال العالمي لعام 2023؟,وش ترتيب البحرين في قائمة الدول اللي يسهل فيها الواحد يبدأ مشروع خاص في 2023؟,NA,,,
"ما هي نسبة رضا المستفيد من منصة ""استشراف""؟","كم نسبة رضا الناس عن منصة ""استشراف""؟",NA,,,
ما هي نسبة النمو المتوقعة لمنطقة الهلال الخصيب خلال العامين القادمين؟,كم تتوقعون يكون نمو اقتصاد دول الهلال الخصيب في السنتين الجايين؟,NA,,,